-- phpMyAdmin SQL Dump
-- version 3.4.10.1
-- http://www.phpmyadmin.net
--
-- 主机: localhost
-- 生成日期: 2014 年 12 月 24 日 06:55
-- 服务器版本: 5.5.20
-- PHP 版本: 5.3.10

SET SQL_MODE="NO_AUTO_VALUE_ON_ZERO";
SET time_zone = "+00:00";


/*!40101 SET @OLD_CHARACTER_SET_CLIENT=@@CHARACTER_SET_CLIENT */;
/*!40101 SET @OLD_CHARACTER_SET_RESULTS=@@CHARACTER_SET_RESULTS */;
/*!40101 SET @OLD_COLLATION_CONNECTION=@@COLLATION_CONNECTION */;
/*!40101 SET NAMES utf8 */;

--
-- 数据库: `hospital`
--

-- --------------------------------------------------------

--
-- 表的结构 `hospital_city`
--

CREATE TABLE IF NOT EXISTS `hospital_city` (
  `id` int(10) unsigned NOT NULL AUTO_INCREMENT COMMENT '主键ID',
  `name` varchar(20) NOT NULL COMMENT '城市名称',
  `provinceID` int(10) NOT NULL DEFAULT '1' COMMENT '所属省份ID',
  `timestamps` timestamp NOT NULL DEFAULT CURRENT_TIMESTAMP COMMENT '时间戳',
  PRIMARY KEY (`id`)
) ENGINE=MyISAM  DEFAULT CHARSET=utf8 COMMENT='城市信息表' AUTO_INCREMENT=3 ;

--
-- 转存表中的数据 `hospital_city`
--

INSERT INTO `hospital_city` (`id`, `name`, `provinceID`, `timestamps`) VALUES
(1, '北京市', 1, '2014-12-18 02:10:36'),
(2, '石家庄市', 2, '2014-12-18 02:10:36');

-- --------------------------------------------------------

--
-- 表的结构 `hospital_doctor`
--

CREATE TABLE IF NOT EXISTS `hospital_doctor` (
  `id` int(10) unsigned NOT NULL AUTO_INCREMENT COMMENT '主键ID',
  `hospitalID` int(10) unsigned NOT NULL COMMENT '所属医院ID',
  `keshiID` int(10) unsigned NOT NULL COMMENT '所属科室ID',
  `name` varchar(20) NOT NULL COMMENT '医生姓名',
  `yuyueNum` int(16) NOT NULL DEFAULT '100' COMMENT '预约人数上限',
  `guahaoMoney` int(16) NOT NULL COMMENT '挂号费',
  `jianjie` text NOT NULL COMMENT '医生简介',
  `timestamps` timestamp NOT NULL DEFAULT CURRENT_TIMESTAMP COMMENT '时间戳',
  PRIMARY KEY (`id`)
) ENGINE=MyISAM  DEFAULT CHARSET=utf8 COMMENT='医生信息表' AUTO_INCREMENT=4 ;

--
-- 转存表中的数据 `hospital_doctor`
--

INSERT INTO `hospital_doctor` (`id`, `hospitalID`, `keshiID`, `name`, `yuyueNum`, `guahaoMoney`, `jianjie`, `timestamps`) VALUES
(1, 1, 1, '王鹏程', 5, 10, '', '2014-12-22 04:12:19'),
(2, 1, 1, '王玉世', 3, 5, '', '2014-12-22 04:12:19'),
(3, 2, 2, '冯佳敏', 3, 5, '', '2014-12-22 04:29:01');

-- --------------------------------------------------------

--
-- 表的结构 `hospital_gonggao`
--

CREATE TABLE IF NOT EXISTS `hospital_gonggao` (
  `id` int(10) unsigned NOT NULL AUTO_INCREMENT COMMENT '主键ID',
  `dateTimes` datetime NOT NULL COMMENT '公告发布时间',
  `title` text NOT NULL COMMENT '公告标题',
  `contents` text NOT NULL COMMENT '公告具体内容',
  `hospitalID` int(11) NOT NULL DEFAULT '0' COMMENT '公告所属医院，默认0为系统公告',
  `timestamps` timestamp NOT NULL DEFAULT CURRENT_TIMESTAMP COMMENT '时间戳',
  PRIMARY KEY (`id`)
) ENGINE=MyISAM  DEFAULT CHARSET=utf8 COMMENT='公告信息表' AUTO_INCREMENT=21 ;

--
-- 转存表中的数据 `hospital_gonggao`
--

INSERT INTO `hospital_gonggao` (`id`, `dateTimes`, `title`, `contents`, `hospitalID`, `timestamps`) VALUES
(1, '2014-12-17 10:32:18', '北京丰台医院新增专家号源', '丰台医院聘请北大医院胸外科主任李简教授，副主任林刚博士，北京肿瘤医院胸外科主任张力建教授3位专家到我院出专家门诊。周一下午：林刚；周三下午：李简；周四上午：张力建。\r\n                    放的时间；23432d\r\n      fdsfsd \r\nfdsjf \r\n fsdjfj           dfsad\r\nfdsfsdf ', 0, '2014-12-17 07:31:46'),
(2, '2014-12-18 11:23:25', '北京丰台医院新增专家号源', 'fdfsdfsdfsdfdsfdf', 0, '2014-12-17 08:43:07'),
(3, '2014-12-19 08:17:30', '北京丰台医院新增专家号源', 'few是的撒盛大', 0, '2014-12-17 08:43:07'),
(4, '2014-12-20 12:30:25', '北京丰台医院新增专家号源', '犯得上发射点法的公司', 0, '2014-12-17 08:43:42'),
(5, '2014-12-21 11:36:22', '北京丰台医院新增专家号源', '犯得上发射点发个程序方法', 0, '2014-12-17 08:43:42'),
(6, '2014-12-22 11:36:25', '北京丰台医院新增专家号源', '反对水水水水水水否vcxczxcdsffdfsdf水水法大师傅士大夫大师傅', 0, '2014-12-17 08:44:21'),
(7, '2014-12-24 11:31:00', '北京丰台医院新增专家号源', '但是达到高峰低谷反对发射点dads发射点发生发射点', 0, '2014-12-17 08:44:21'),
(8, '2014-12-25 11:35:26', '北京丰台医院新增专家号源', '北京丰台医院新增专家号源放到地上的', 0, '2014-12-17 08:45:04'),
(9, '2014-12-25 10:25:43', '北京丰台医院新增专家号源', '北京丰台医院新增专家号源反对法士大夫大师傅十分', 0, '2014-12-17 08:45:04'),
(10, '2014-12-27 10:40:32', '北京丰台医院新增专家号源', '北京丰台医院新增专家号源反对发射点发生收费的地方', 0, '2014-12-17 08:45:37'),
(11, '2014-12-27 11:39:27', '北京丰台医院新增专家号源', '北京丰台医院新增专家号源反对发射点法的符合各方尽快', 0, '2014-12-17 08:45:37'),
(12, '2014-12-19 11:23:38', '北京市垂杨柳医院暂停预约通知', '北京市垂杨柳医院暂停预约通知北京市垂杨柳医院暂停预约通知北京市垂杨柳医院暂停预约通知北京市垂杨柳医院暂停预约通知北京市垂杨柳医院暂停预约通知北京市垂杨柳医院暂停预约通知\r\n\r\n     北京市垂杨柳医院暂停预约通知北京市垂杨柳医院暂停预约通知北京市垂杨柳医院暂停预约通知', 5, '2014-12-19 03:55:23'),
(13, '2014-12-19 12:20:11', '航天中心医院(原721医院)暂停预约通知', '航天中心医院(原721医院)暂停预约通知航天中心医院(原721医院)暂停预约通知航天中心医院(原721医院)暂停预约通知航天中心医院(原721医院)暂停预约通知航天中心医院(原721医院)暂停预约通知\r\n    航天中心医院(原721医院)暂停预约通知航天中心医院(原721医院)暂停预约通知航天中心医院(原721医院)暂停预约通知航天中心医院(原721医院)暂停预约通知', 5, '2014-12-19 03:55:23'),
(14, '2014-12-20 12:27:25', '北京康复医院(北京工人疗养院)暂停预约通知', '北京康复医院(北京工人疗养院)暂停预约通知北京康复医院(北京工人疗养院)暂停预约通知北京康复医院(北京工人疗养院)暂停预约通知北京康复医院(北京工人疗养院)暂停预约通知\r\n    北京康复医院(北京工人疗养院)暂停预约通知北京康复医院(北京工人疗养院)暂停预约通知北京康复医院(北京工人疗养院)暂停预约通知', 5, '2014-12-19 03:56:58'),
(15, '2014-12-20 10:34:49', '北京康复医院(北京工人疗养院)暂停预约通知', '北京康复医院(北京工人疗养院)暂停预约通知北京康复医院(北京工人疗养院)暂停预约通知北京康复医院(北京工人疗养院)暂停预约通知\r\n    北京康复医院(北京工人疗养院)暂停预约通知北京康复医院(北京工人疗养院)暂停预约通知北京康复医院(北京工人疗养院)暂停预约通知北京康复医院(北京工人疗养院)暂停预约通知', 5, '2014-12-19 03:56:58'),
(16, '2014-12-21 11:17:39', '北京肿瘤医院部分科室医生门诊挂号费调整通知', '北京肿瘤医院部分科室医生门诊挂号费调整通知北京肿瘤医院部分科室医生门诊挂号费调整通知北京肿瘤医院部分科室医生门诊挂号费调整通知\r\n\r\n   北京肿瘤医院部分科室医生门诊挂号费调整通知北京肿瘤医院部分科室医生门诊挂号费调整通知北京肿瘤医院部分科室医生门诊挂号费调整通知', 5, '2014-12-19 03:58:26'),
(17, '2014-12-22 17:00:00', '部分医院停止预约11月13日号源的通知', '部分医院停止预约11月13日号源的通知部分医院停止预约11月13日号源的通知部分医院停止预约11月13日号源的通知\r\n     部分医院停止预约11月13日号源的通知部分医院停止预约11月13日号源的通知部分医院停止预约11月13日号源的通知部分医院停止预约11月13日号源的通知', 5, '2014-12-19 03:58:26'),
(18, '2014-12-22 00:00:00', '重要须知', '1.预约周期：28天　　2.放号时间：08:30\r\n3.停挂时间：下午16:00停止次日预约挂号\r\n4.退号时间：就诊前一日16:00前取消', 3, '2014-12-22 14:54:20'),
(19, '2014-12-24 08:41:25', '预约须知', '电话预约挂号：010-114（24小时）\r\n网络预约挂号：http://www.bjguahao.gov.cn\r\n\r\n为方便您早日就医康复，请您认真阅读预约挂号须知：\r\n\r\n一、预约时间范围：\r\n1、电话、网络可预约三个月内的普通号及专家号源，电话、网络预约挂号支持24小时服务。\r\n2、每日0:00点开始放号，下午15:00点停止次日预约挂号。\r\n3、节假日不安排预约号（不含周六、日）。\r\n\r\n二、预约实名制：\r\n统一平台电话预约和网上预约挂号均采取实名制注册预约，请您如实提供就诊人员的真实姓名、有效证件号（身份证、军官证、护照）、性别、电话、手机号码、社保卡号或我院就诊卡条形码上的ID号等基本信息。\r\n\r\n三、预约取号：\r\n1、预约成功后，请患者于就诊当日携带有效证件和预约识别码到门诊大厅挂号处取号，同时核对与预约登记实名信息一致的本人有效证件和预约识别码，如验证不符则医院不能提供相应的诊疗服务。\r\n2、预约的取号时间：上午就诊患者，就诊当日上午09：00以前取号；下午就诊患者，就诊当日下午14:00以前取号，过时未取号者，预约作废。\r\n3、取号地点:门诊大厅挂号处取号。\r\n\r\n四、医生停诊：\r\n如遇特殊情况医生停诊，给您造成的不便敬请谅解。医生临时停诊，工作人员将会用电话方式及时通知您，请配合更改就诊日期或更换其他医生，请您保持电话畅通。\r\n\r\n五、取消预约：\r\n挂出的预约号如办理退号，至少在就诊前一日15:00前通过网站或者114电话凭预约识别码进行取消。\r\n\r\n六、爽约处理：\r\n1、如预约成功后患者未能按时就诊且不办理取消预约号视为爽约。\r\n2、无故爽约累计达到3次将进入系统爽约名单，此后3个月内将无法享受预约挂号服务。\r\n\r\n七、预约限制：\r\n按照北京市卫生局统一平台预约须知的要求，同一患者实名（有效证件号）在同一就诊日、同一医院、同一科室只能预约1次；在同一就诊日的预约总量不可超过2次；在七日内的预约总量不可超过3次；在三个月内预约总量不可超过5次。\r\n\r\n医院咨询电话：88325141，88325219，88325220', 5, '2014-12-24 02:16:46'),
(20, '2014-12-24 08:15:00', '重要须知', '1.预约周期：28天　　2.放号时间：08:30\r\n3.停挂时间：下午16:00停止次日预约挂号\r\n4.退号时间：就诊前一日16:00前取消', 5, '2014-12-24 02:17:39');

-- --------------------------------------------------------

--
-- 表的结构 `hospital_hospital`
--

CREATE TABLE IF NOT EXISTS `hospital_hospital` (
  `id` int(10) unsigned NOT NULL AUTO_INCREMENT COMMENT '主键ID',
  `dengji` int(10) unsigned DEFAULT NULL COMMENT '医院等级',
  `fenlei` varchar(32) NOT NULL DEFAULT '卫生部直属医院',
  `name` varchar(50) NOT NULL COMMENT '医院名称',
  `imgURL` varchar(100) NOT NULL DEFAULT 'hospital1.jpg' COMMENT '医院图片的地址',
  `provinceID` int(10) unsigned DEFAULT NULL COMMENT '所属省份ID',
  `cityID` int(10) unsigned DEFAULT NULL COMMENT '所属城市ID',
  `quID` int(10) unsigned DEFAULT NULL COMMENT '所属区县ID',
  `phone` varchar(11) CHARACTER SET utf8mb4 DEFAULT NULL COMMENT '医院联系电话',
  `email` varchar(100) DEFAULT NULL COMMENT '医院的邮箱',
  `xiangxiAddress` varchar(100) DEFAULT NULL COMMENT '医院详细地址',
  `timestamps` timestamp NOT NULL DEFAULT CURRENT_TIMESTAMP COMMENT '时间戳',
  PRIMARY KEY (`id`)
) ENGINE=MyISAM  DEFAULT CHARSET=utf8 COMMENT='医院信息数据表' AUTO_INCREMENT=320 ;

--
-- 转存表中的数据 `hospital_hospital`
--

INSERT INTO `hospital_hospital` (`id`, `dengji`, `fenlei`, `name`, `imgURL`, `provinceID`, `cityID`, `quID`, `phone`, `email`, `xiangxiAddress`, `timestamps`) VALUES
(20, 3, '北京大学附属医院', '北京大学人民医院', 'hospital1.jpg', 1, 1, 3, '010-8832514', 'none', '北京市西城区西直门南大街11号', '2014-12-24 05:47:00'),
(19, 3, '北京市卫生局直属医院', '首都医科大学宣武医院', 'hospital1.jpg', 1, 1, 3, '010-8319837', 'none', '北京市西城区长椿街45号', '2014-12-24 05:47:00'),
(18, 3, '北京市卫生局直属医院', '首都医科大学附属北京儿童医院', 'hospital1.jpg', 1, 1, 3, '010-5971868', 'none', '北京市西城区南礼士路56号', '2014-12-24 05:47:00'),
(2, 3, '北京市卫生局直属医院', '首都医科大学附属北京天坛医院', 'hospital1.jpg', 1, 1, 2, '010-6705656', 'none', '北京市东城区天坛西里6号', '2014-12-24 05:47:00'),
(1, 3, '中国医科院所属医院', '北京协和医院', 'hospital1.jpg', 1, 1, 2, '010-114', 'none', '北京市东城区帅府园一号', '2014-12-24 05:47:00'),
(17, 3, '北京大学附属医院', '北京大学第一医院', 'hospital1.jpg', 1, 1, 3, '010-8357221', 'none', '北京市西城区西什库大街八号', '2014-12-24 05:47:00'),
(16, 3, '中国医科院所属医院', '阜外心血管病医院', 'hospital1.jpg', 1, 1, 3, '010-8839870', 'none', '北京市西城区北礼士路167号', '2014-12-24 05:47:00'),
(15, 3, '北京市卫生局直属医院', '首都医科大学附属北京安贞医院', 'hospital1.jpg', 1, 1, 4, '010-6445663', 'none', '北京市朝阳区安贞路2号', '2014-12-24 05:47:00'),
(14, 3, '北京市卫生局直属医院', '首都儿科研究所附属儿童医院', 'hospital1.jpg', 1, 1, 4, '010-8569575', 'none', '北京市朝阳区雅宝路2号', '2014-12-24 05:47:00'),
(13, 3, '北京市卫生局直属医院', '首都医科大学附属北京地坛医院', 'hospital1.jpg', 1, 1, 4, '010-8432266', 'none', '北京市朝阳区京顺东街8号', '2014-12-24 05:47:00'),
(12, 3, '北京市卫生局直属医院', '北京朝阳医院', 'hospital1.jpg', 1, 1, 4, '010-8523137', 'none', '北京市朝阳区工体南路8号', '2014-12-24 05:47:00'),
(11, 3, '中国医科院所属医院', '医科院肿瘤医院', 'hospital1.jpg', 1, 1, 4, '010-8778889', 'none', '北京市朝阳区潘家园南里17号', '2014-12-24 05:47:00'),
(10, 3, '北京市卫生局直属医院', '北京三博脑科医院', 'hospital1.jpg', 1, 1, 1, '010-4000655', 'none', '北京市海淀区香山一棵松50号', '2014-12-24 05:47:00'),
(9, 3, '中国中医科学院', '中国中医科学院西苑医院', 'hospital1.jpg', 1, 1, 1, '010-6287559', 'none', '北京市海淀区西苑操场1号(颐和园东侧)', '2014-12-24 05:47:00'),
(8, 3, '北京市卫生局直属医院', '北京老年医院', 'hospital1.jpg', 1, 1, 1, '010-6240295', 'none', '北京海淀区温泉路118号', '2014-12-24 05:47:00'),
(7, 3, '北京市卫生局直属医院', '首都医科大学附属北京世纪坛医院', 'hospital1.jpg', 1, 1, 1, '010-6392558', 'none', '北京市海淀区羊坊店铁医院路10号', '2014-12-24 05:47:00'),
(6, 3, '北京市卫生局直属医院', '北京肿瘤医院', 'hospital1.jpg', 1, 1, 1, '010-8819615', 'none', '北京市海淀区阜成路52号', '2014-12-24 05:47:00'),
(5, 3, '北京市卫生局直属医院', '首都医科大学附属北京中医医院', 'hospital1.jpg', 1, 1, 2, '010-5217667', 'none', '北京市东城区美术馆后街23号', '2014-12-24 05:47:00'),
(4, 3, '北京市卫生局直属医院', '首都医科大学附属北京口腔医院(天坛院区)', 'hospital1.jpg', 1, 1, 2, '010-5709928', 'none', '北京市东城区天坛西里4号', '2014-12-24 05:47:00'),
(3, 3, '北京市卫生局直属医院', '首都医科大学附属北京同仁医院', 'hospital1.jpg', 1, 1, 2, '010-5826669', 'none', '北京市东城区东交民巷1号', '2014-12-24 05:47:00');

-- --------------------------------------------------------

--
-- 表的结构 `hospital_img`
--

CREATE TABLE IF NOT EXISTS `hospital_img` (
  `id` int(10) unsigned NOT NULL AUTO_INCREMENT COMMENT '主键ID',
  `leixing` int(10) unsigned NOT NULL COMMENT '图片类型标号',
  `hangID` int(10) unsigned NOT NULL COMMENT '与图片对应的信息字段ID',
  `imgURL` varchar(100) NOT NULL COMMENT '图片的存储路径',
  `timestamps` timestamp NOT NULL DEFAULT CURRENT_TIMESTAMP COMMENT '时间戳',
  PRIMARY KEY (`id`)
) ENGINE=MyISAM DEFAULT CHARSET=utf8 COMMENT='图片信息表' AUTO_INCREMENT=1 ;

-- --------------------------------------------------------

--
-- 表的结构 `hospital_jinqichuzhen`
--

CREATE TABLE IF NOT EXISTS `hospital_jinqichuzhen` (
  `id` int(10) unsigned NOT NULL AUTO_INCREMENT COMMENT '主键ID',
  `dates` date NOT NULL COMMENT '出诊日期',
  `keshiID` int(10) NOT NULL COMMENT '科室ID',
  `doctorID` int(10) unsigned NOT NULL COMMENT '所属出诊信息表的字段ID',
  `shengyuNumber` int(11) NOT NULL COMMENT '剩余可预约人数',
  `timestamps` timestamp NOT NULL DEFAULT CURRENT_TIMESTAMP COMMENT '时间戳',
  PRIMARY KEY (`id`)
) ENGINE=InnoDB  DEFAULT CHARSET=utf8 AUTO_INCREMENT=211 ;

--
-- 转存表中的数据 `hospital_jinqichuzhen`
--

INSERT INTO `hospital_jinqichuzhen` (`id`, `dates`, `keshiID`, `doctorID`, `shengyuNumber`, `timestamps`) VALUES
(121, '2014-12-23', 2, 3, 3, '2014-12-22 14:55:49'),
(122, '2014-12-24', 2, 3, 3, '2014-12-22 14:55:49'),
(123, '2014-12-25', 2, 3, 3, '2014-12-22 14:55:49'),
(124, '2014-12-26', 2, 3, 3, '2014-12-22 14:55:50'),
(125, '2014-12-27', 2, 3, 3, '2014-12-22 14:55:50'),
(126, '2014-12-28', 2, 3, 3, '2014-12-22 14:55:50'),
(127, '2014-12-29', 2, 3, 3, '2014-12-22 14:55:50'),
(128, '2014-12-30', 2, 3, 3, '2014-12-22 14:55:50'),
(129, '2014-12-31', 2, 3, 3, '2014-12-22 14:55:50'),
(130, '2015-01-01', 2, 3, 3, '2014-12-22 14:55:50'),
(131, '2015-01-02', 2, 3, 3, '2014-12-22 14:55:50'),
(132, '2015-01-03', 2, 3, 3, '2014-12-22 14:55:50'),
(133, '2015-01-04', 2, 3, 3, '2014-12-22 14:55:50'),
(134, '2015-01-05', 2, 3, 3, '2014-12-22 14:55:51'),
(135, '2015-01-06', 2, 3, 3, '2014-12-22 14:55:51'),
(136, '2015-01-07', 2, 3, 3, '2014-12-22 14:55:51'),
(137, '2015-01-08', 2, 3, 3, '2014-12-22 14:55:51'),
(138, '2015-01-09', 2, 3, 3, '2014-12-22 14:55:51'),
(139, '2015-01-10', 2, 3, 3, '2014-12-22 14:55:51'),
(140, '2015-01-11', 2, 3, 3, '2014-12-22 14:55:51'),
(141, '2015-01-12', 2, 3, 3, '2014-12-22 14:55:51'),
(142, '2015-01-13', 2, 3, 3, '2014-12-22 14:55:51'),
(143, '2015-01-14', 2, 3, 3, '2014-12-22 14:55:52'),
(144, '2015-01-15', 2, 3, 3, '2014-12-22 14:55:52'),
(145, '2015-01-16', 2, 3, 3, '2014-12-22 14:55:52'),
(146, '2015-01-17', 2, 3, 3, '2014-12-22 14:55:52'),
(147, '2015-01-18', 2, 3, 3, '2014-12-22 14:55:52'),
(148, '2015-01-19', 2, 3, 3, '2014-12-22 14:55:52'),
(149, '2015-01-20', 2, 3, 3, '2014-12-22 14:55:52'),
(150, '2015-01-21', 2, 3, 3, '2014-12-22 14:55:52'),
(151, '2014-12-25', 1, 1, 5, '2014-12-23 18:10:12'),
(152, '2014-12-26', 1, 1, 5, '2014-12-23 18:10:12'),
(153, '2014-12-27', 1, 1, 5, '2014-12-23 18:10:12'),
(154, '2014-12-28', 1, 1, 5, '2014-12-23 18:10:12'),
(155, '2014-12-29', 1, 1, 5, '2014-12-23 18:10:12'),
(156, '2014-12-30', 1, 1, 5, '2014-12-23 18:10:13'),
(157, '2014-12-31', 1, 1, 5, '2014-12-23 18:10:13'),
(158, '2015-01-01', 1, 1, 5, '2014-12-23 18:10:13'),
(159, '2015-01-02', 1, 1, 5, '2014-12-23 18:10:13'),
(160, '2015-01-03', 1, 1, 5, '2014-12-23 18:10:13'),
(161, '2015-01-04', 1, 1, 5, '2014-12-23 18:10:13'),
(162, '2015-01-05', 1, 1, 5, '2014-12-23 18:10:13'),
(163, '2015-01-06', 1, 1, 5, '2014-12-23 18:10:13'),
(164, '2015-01-07', 1, 1, 5, '2014-12-23 18:10:13'),
(165, '2015-01-08', 1, 1, 5, '2014-12-23 18:10:13'),
(166, '2015-01-09', 1, 1, 5, '2014-12-23 18:10:13'),
(167, '2015-01-10', 1, 1, 5, '2014-12-23 18:10:14'),
(168, '2015-01-11', 1, 1, 5, '2014-12-23 18:10:14'),
(169, '2015-01-12', 1, 1, 5, '2014-12-23 18:10:14'),
(170, '2015-01-13', 1, 1, 5, '2014-12-23 18:10:14'),
(171, '2015-01-14', 1, 1, 5, '2014-12-23 18:10:14'),
(172, '2015-01-15', 1, 1, 5, '2014-12-23 18:10:15'),
(173, '2015-01-16', 1, 1, 5, '2014-12-23 18:10:15'),
(174, '2015-01-17', 1, 1, 5, '2014-12-23 18:10:15'),
(175, '2015-01-18', 1, 1, 5, '2014-12-23 18:10:15'),
(176, '2015-01-19', 1, 1, 5, '2014-12-23 18:10:15'),
(177, '2015-01-20', 1, 1, 5, '2014-12-23 18:10:15'),
(178, '2015-01-21', 1, 1, 5, '2014-12-23 18:10:15'),
(179, '2015-01-22', 1, 1, 5, '2014-12-23 18:10:15'),
(180, '2015-01-23', 1, 1, 5, '2014-12-23 18:10:15'),
(181, '2014-12-25', 1, 2, 3, '2014-12-23 18:10:15'),
(182, '2014-12-26', 1, 2, 3, '2014-12-23 18:10:16'),
(183, '2014-12-27', 1, 2, 3, '2014-12-23 18:10:16'),
(184, '2014-12-28', 1, 2, 3, '2014-12-23 18:10:16'),
(185, '2014-12-29', 1, 2, 3, '2014-12-23 18:10:16'),
(186, '2014-12-30', 1, 2, 3, '2014-12-23 18:10:16'),
(187, '2014-12-31', 1, 2, 3, '2014-12-23 18:10:16'),
(188, '2015-01-01', 1, 2, 3, '2014-12-23 18:10:16'),
(189, '2015-01-02', 1, 2, 3, '2014-12-23 18:10:16'),
(190, '2015-01-03', 1, 2, 3, '2014-12-23 18:10:16'),
(191, '2015-01-04', 1, 2, 3, '2014-12-23 18:10:16'),
(192, '2015-01-05', 1, 2, 3, '2014-12-23 18:10:16'),
(193, '2015-01-06', 1, 2, 3, '2014-12-23 18:10:16'),
(194, '2015-01-07', 1, 2, 3, '2014-12-23 18:10:16'),
(195, '2015-01-08', 1, 2, 3, '2014-12-23 18:10:17'),
(196, '2015-01-09', 1, 2, 3, '2014-12-23 18:10:17'),
(197, '2015-01-10', 1, 2, 3, '2014-12-23 18:10:17'),
(198, '2015-01-11', 1, 2, 3, '2014-12-23 18:10:17'),
(199, '2015-01-12', 1, 2, 3, '2014-12-23 18:10:17'),
(200, '2015-01-13', 1, 2, 3, '2014-12-23 18:10:17'),
(201, '2015-01-14', 1, 2, 3, '2014-12-23 18:10:17'),
(202, '2015-01-15', 1, 2, 3, '2014-12-23 18:10:17'),
(203, '2015-01-16', 1, 2, 3, '2014-12-23 18:10:17'),
(204, '2015-01-17', 1, 2, 3, '2014-12-23 18:10:17'),
(205, '2015-01-18', 1, 2, 3, '2014-12-23 18:10:18'),
(206, '2015-01-19', 1, 2, 3, '2014-12-23 18:10:18'),
(207, '2015-01-20', 1, 2, 3, '2014-12-23 18:10:18'),
(208, '2015-01-21', 1, 2, 3, '2014-12-23 18:10:18'),
(209, '2015-01-22', 1, 2, 3, '2014-12-23 18:10:18'),
(210, '2015-01-23', 1, 2, 3, '2014-12-23 18:10:18');

-- --------------------------------------------------------

--
-- 表的结构 `hospital_keshi`
--

CREATE TABLE IF NOT EXISTS `hospital_keshi` (
  `id` int(10) unsigned NOT NULL AUTO_INCREMENT COMMENT '主键ID',
  `hospitalID` int(10) unsigned NOT NULL COMMENT '所属医院ID',
  `name` varchar(50) NOT NULL COMMENT '科室名称',
  `fenlei` varchar(32) NOT NULL DEFAULT '内科' COMMENT '科室所属类型，默认为内科',
  `weekdays` varchar(7) NOT NULL DEFAULT '12345' COMMENT '可预约星期，如12345，表示可预约周一到周五的某一天',
  `phone` int(11) NOT NULL COMMENT '科室联系电话',
  `timestamps` timestamp NOT NULL DEFAULT CURRENT_TIMESTAMP COMMENT '时间戳',
  PRIMARY KEY (`id`)
) ENGINE=MyISAM  DEFAULT CHARSET=utf8 COMMENT='科室信息表' AUTO_INCREMENT=661 ;

--
-- 转存表中的数据 `hospital_keshi`
--

INSERT INTO `hospital_keshi` (`id`, `hospitalID`, `name`, `fenlei`, `weekdays`, `phone`, `timestamps`) VALUES
(1, 1, '特需普通内科门诊(西院)', '内科', '12345', 10, '0000-00-00 00:00:00'),
(2, 1, '肿瘤内科门诊', '内科', '12345', 10, '0000-00-00 00:00:00'),
(3, 1, '内分泌科门诊(西院)', '内科', '12345', 10, '0000-00-00 00:00:00'),
(4, 1, '心内科门诊(西院)', '内科', '12345', 10, '0000-00-00 00:00:00'),
(5, 1, '头疼专科门诊', '内科', '12345', 10, '0000-00-00 00:00:00'),
(6, 1, '神经内科癫痫门诊', '内科', '12345', 10, '0000-00-00 00:00:00'),
(7, 1, '普通内科门诊', '内科', '12345', 10, '0000-00-00 00:00:00'),
(8, 1, '脑血管病专科门诊', '内科', '12345', 10, '0000-00-00 00:00:00'),
(9, 1, '特需肿瘤内科门诊', '内科', '12345', 10, '0000-00-00 00:00:00'),
(10, 1, '特需神经科门诊', '内科', '12345', 10, '0000-00-00 00:00:00'),
(11, 1, '特需内分泌科门诊', '内科', '12345', 10, '0000-00-00 00:00:00'),
(12, 1, '神经科门诊(西院)', '内科', '12345', 10, '0000-00-00 00:00:00'),
(13, 1, '特需乳腺外科门诊(西院)', '内科', '12345', 10, '0000-00-00 00:00:00'),
(14, 1, '心外科门诊', '外科', '12345', 10, '0000-00-00 00:00:00'),
(15, 1, '特需血管外科门诊', '外科', '12345', 10, '0000-00-00 00:00:00'),
(16, 1, '肝脏外科门诊', '外科', '12345', 10, '0000-00-00 00:00:00'),
(17, 1, '基本外科门诊(西院)', '外科', '12345', 10, '0000-00-00 00:00:00'),
(18, 1, '骨科门诊(西院)', '外科', '12345', 10, '0000-00-00 00:00:00'),
(19, 1, '神经外科门诊(西院)', '外科', '12345', 10, '0000-00-00 00:00:00'),
(20, 1, '泌尿外科门诊(西院)', '外科', '12345', 10, '0000-00-00 00:00:00'),
(21, 1, '整形美容外科门诊', '外科', '12345', 10, '0000-00-00 00:00:00'),
(22, 1, '外科门诊', '外科', '12345', 10, '0000-00-00 00:00:00'),
(23, 1, '妇产科辅助生育中心', '妇产科', '12345', 10, '0000-00-00 00:00:00'),
(24, 1, '妇科门诊', '妇产科', '12345', 10, '0000-00-00 00:00:00'),
(25, 1, '妇泌中心(西院)', '妇产科', '12345', 10, '0000-00-00 00:00:00'),
(26, 1, '产科门诊', '妇产科', '12345', 10, '0000-00-00 00:00:00'),
(27, 1, '妇科内分泌门诊', '妇产科', '12345', 10, '0000-00-00 00:00:00'),
(28, 1, '特需妇科门诊', '妇产科', '12345', 10, '0000-00-00 00:00:00'),
(29, 1, '特需产科门诊', '妇产科', '12345', 10, '0000-00-00 00:00:00'),
(30, 1, '变态反应科门诊', '变态反应科', '12345', 10, '0000-00-00 00:00:00'),
(31, 1, '特需变态反应科门诊', '变态反应科', '12345', 10, '0000-00-00 00:00:00'),
(32, 1, '中医科门诊', '中医科', '12345', 10, '0000-00-00 00:00:00'),
(33, 1, '中医科针灸室', '中医科', '12345', 10, '0000-00-00 00:00:00'),
(34, 1, '特需中医科门诊', '中医科', '12345', 10, '0000-00-00 00:00:00'),
(35, 1, '中医科门诊(西院)', '中医科', '12345', 10, '0000-00-00 00:00:00'),
(36, 1, '营养科咨询门诊', '营养科', '12345', 10, '0000-00-00 00:00:00'),
(37, 1, '儿科门诊', '儿科', '12345', 10, '0000-00-00 00:00:00'),
(38, 1, '特需儿科门诊', '儿科', '12345', 10, '0000-00-00 00:00:00'),
(39, 1, '心外科成人门诊', '其他', '12345', 10, '0000-00-00 00:00:00'),
(40, 1, '癫痫门诊', '其他', '12345', 10, '0000-00-00 00:00:00'),
(41, 1, '疼痛门诊', '其他', '12345', 10, '0000-00-00 00:00:00'),
(42, 1, '皮肤科白癜风副教授门诊', '其他', '12345', 10, '0000-00-00 00:00:00'),
(43, 1, '口腔科门诊(西院)', '五官科', '12345', 10, '0000-00-00 00:00:00'),
(44, 1, '耳鼻喉科门诊(西院)', '五官科', '12345', 10, '0000-00-00 00:00:00'),
(45, 1, '眼科门诊(西院)', '五官科', '12345', 10, '0000-00-00 00:00:00'),
(46, 1, '皮科激光中心', '五官科', '12345', 10, '0000-00-00 00:00:00'),
(47, 1, '皮肤科性病门诊', '五官科', '12345', 10, '0000-00-00 00:00:00'),
(48, 1, '皮肤科性病门诊', '五官科', '12345', 10, '0000-00-00 00:00:00'),
(49, 1, '耳鼻喉科门诊', '五官科', '12345', 10, '0000-00-00 00:00:00'),
(50, 1, '眼科门诊', '五官科', '12345', 10, '0000-00-00 00:00:00'),
(51, 1, '口腔科住院医门诊', '五官科', '12345', 10, '0000-00-00 00:00:00'),
(52, 1, '皮科激光中心', '五官科', '12345', 10, '0000-00-00 00:00:00'),
(53, 1, '麻醉科门诊', '专科', '12345', 10, '0000-00-00 00:00:00'),
(54, 1, '心理医学科门诊', '专科', '12345', 10, '0000-00-00 00:00:00'),
(55, 1, '放疗科门诊(西院)', '专科', '12345', 10, '0000-00-00 00:00:00'),
(56, 1, '特需核医学门诊', '专科', '12345', 10, '0000-00-00 00:00:00'),
(57, 1, '放疗科门诊', '专科', '12345', 10, '0000-00-00 00:00:00'),
(58, 1, '麻醉科疼痛门诊', '专科', '12345', 10, '0000-00-00 00:00:00'),
(59, 1, '特需心理医学科门诊', '专科', '12345', 10, '0000-00-00 00:00:00'),
(60, 1, '超声介入门诊', '专科', '12345', 10, '0000-00-00 00:00:00'),
(61, 1, '国际医疗心理医学科', '国际医疗部', '12345', 10, '0000-00-00 00:00:00'),
(62, 1, '国际医疗妇科', '国际医疗部', '12345', 10, '0000-00-00 00:00:00'),
(63, 2, '血液内科门诊', '内科', '12345', 10, '0000-00-00 00:00:00'),
(64, 2, '消化内科门诊', '内科', '12345', 10, '0000-00-00 00:00:00'),
(65, 2, '心血管内科门诊', '内科', '12345', 10, '0000-00-00 00:00:00'),
(66, 2, '肾内科门诊', '内科', '12345', 10, '0000-00-00 00:00:00'),
(67, 2, '内分泌内科门诊', '内科', '12345', 10, '0000-00-00 00:00:00'),
(68, 2, '呼吸内科门诊', '内科', '12345', 10, '0000-00-00 00:00:00'),
(69, 2, '普通外科门诊', '外科', '12345', 10, '0000-00-00 00:00:00'),
(70, 2, '骨外科门诊', '外科', '12345', 10, '0000-00-00 00:00:00'),
(71, 2, '泌尿外科门诊', '外科', '12345', 10, '0000-00-00 00:00:00'),
(72, 2, '胸外科门诊', '外科', '12345', 10, '0000-00-00 00:00:00'),
(73, 2, '乳腺外科门诊', '外科', '12345', 10, '0000-00-00 00:00:00'),
(74, 2, '神经内科门诊', '神经内科', '12345', 10, '0000-00-00 00:00:00'),
(75, 2, '神经外科门诊', '神经外科', '12345', 10, '0000-00-00 00:00:00'),
(76, 2, '产科门诊', '妇产科', '12345', 10, '0000-00-00 00:00:00'),
(77, 2, '妇科门诊', '妇产科', '12345', 10, '0000-00-00 00:00:00'),
(78, 2, '儿科门诊', '儿科', '12345', 10, '0000-00-00 00:00:00'),
(79, 2, '中医科门诊', '中医科', '12345', 10, '0000-00-00 00:00:00'),
(80, 2, '皮肤科门诊', '皮肤性病科', '12345', 10, '0000-00-00 00:00:00'),
(81, 2, '耳鼻喉科门诊', '耳鼻喉科', '12345', 10, '0000-00-00 00:00:00'),
(82, 2, '眼科门诊', '眼科', '12345', 10, '0000-00-00 00:00:00'),
(83, 2, '针灸科门诊', '疼痛科', '12345', 10, '0000-00-00 00:00:00'),
(84, 2, '按摩科门诊', '疼痛科', '12345', 10, '0000-00-00 00:00:00'),
(85, 2, '康复疼痛科门诊', '疼痛科', '12345', 10, '0000-00-00 00:00:00'),
(86, 2, '理疗科门诊', '疼痛科', '12345', 10, '0000-00-00 00:00:00'),
(87, 2, '麻醉疼痛科门诊', '麻醉科', '12345', 10, '0000-00-00 00:00:00'),
(88, 2, '脑血管神经介入门诊', '脑血管神经介入科', '12345', 10, '0000-00-00 00:00:00'),
(89, 2, '脑血管急诊介入门诊', '脑血管急诊介入科', '12345', 10, '0000-00-00 00:00:00'),
(90, 2, '伽玛刀（研究所）', '伽玛刀', '12345', 10, '0000-00-00 00:00:00'),
(91, 3, '眼肌东', '眼肌', '12345', 10, '0000-00-00 00:00:00'),
(92, 3, '白内障', '眼科', '12345', 10, '0000-00-00 00:00:00'),
(93, 3, '白内障中心', '眼科', '12345', 10, '0000-00-00 00:00:00'),
(94, 3, '角膜', '眼科', '12345', 10, '0000-00-00 00:00:00'),
(95, 3, '青光眼', '眼科', '12345', 10, '0000-00-00 00:00:00'),
(96, 3, '屈光', '眼科', '12345', 10, '0000-00-00 00:00:00'),
(97, 3, '视光学中心', '眼科', '12345', 10, '0000-00-00 00:00:00'),
(98, 3, '眼底', '眼科', '12345', 10, '0000-00-00 00:00:00'),
(99, 3, '眼肌', '眼科', '12345', 10, '0000-00-00 00:00:00'),
(100, 3, '眼科门诊', '眼科', '12345', 10, '0000-00-00 00:00:00'),
(101, 3, '眼科特需门诊部', '眼科', '12345', 10, '0000-00-00 00:00:00'),
(102, 3, '眼外伤', '眼科', '12345', 10, '0000-00-00 00:00:00'),
(103, 3, '眼研所门诊', '眼科', '12345', 10, '0000-00-00 00:00:00'),
(104, 3, '眼整形', '眼科', '12345', 10, '0000-00-00 00:00:00'),
(105, 3, '眼中医', '眼科', '12345', 10, '0000-00-00 00:00:00'),
(106, 3, '眼肿瘤', '眼科', '12345', 10, '0000-00-00 00:00:00'),
(107, 3, '黄昏特需门诊', '同仁医院', '12345', 10, '0000-00-00 00:00:00'),
(108, 3, '针灸科', '同仁医院', '12345', 10, '0000-00-00 00:00:00'),
(109, 3, '鼻科', '耳鼻咽喉头颈外科', '12345', 10, '0000-00-00 00:00:00'),
(110, 3, '耳鼻咽喉科门诊', '耳鼻咽喉头颈外科', '12345', 10, '0000-00-00 00:00:00'),
(111, 3, '耳科', '耳鼻咽喉头颈外科', '12345', 10, '0000-00-00 00:00:00'),
(112, 3, '耳研所门诊', '耳鼻咽喉头颈外科', '12345', 10, '0000-00-00 00:00:00'),
(113, 3, '专病门诊', '耳鼻咽喉头颈外科', '12345', 10, '0000-00-00 00:00:00'),
(114, 3, '喉科', '耳鼻咽喉头颈外科', '12345', 10, '0000-00-00 00:00:00'),
(115, 3, '头颈外科', '耳鼻咽喉头颈外科', '12345', 10, '0000-00-00 00:00:00'),
(116, 3, '风湿科门诊', '内科', '12345', 10, '0000-00-00 00:00:00'),
(117, 3, '呼吸门诊', '内科', '12345', 10, '0000-00-00 00:00:00'),
(118, 3, '内分泌门诊', '内科', '12345', 10, '0000-00-00 00:00:00'),
(119, 3, '肾病门诊', '内科', '12345', 10, '0000-00-00 00:00:00'),
(120, 3, '消化门诊', '内科', '12345', 10, '0000-00-00 00:00:00'),
(121, 3, '血液门诊', '内科', '12345', 10, '0000-00-00 00:00:00'),
(122, 3, '骨科门诊', '外科', '12345', 10, '0000-00-00 00:00:00'),
(123, 3, '泌尿门诊', '外科', '12345', 10, '0000-00-00 00:00:00'),
(124, 3, '普外门诊', '外科', '12345', 10, '0000-00-00 00:00:00'),
(125, 3, '神外门诊', '外科', '12345', 10, '0000-00-00 00:00:00'),
(126, 3, '胸外门诊', '外科', '12345', 10, '0000-00-00 00:00:00'),
(127, 3, '足踝中心', '外科', '12345', 10, '0000-00-00 00:00:00'),
(128, 3, '产科门诊', '妇产科', '12345', 10, '0000-00-00 00:00:00'),
(129, 3, '妇科门诊', '妇产科', '12345', 10, '0000-00-00 00:00:00'),
(130, 3, '计划生育门诊', '妇产科', '12345', 10, '0000-00-00 00:00:00'),
(131, 3, '口腔门诊', '口腔科', '12345', 10, '0000-00-00 00:00:00'),
(132, 3, '口腔修复', '口腔科', '12345', 10, '0000-00-00 00:00:00'),
(133, 3, '传统医学科门诊', '传统医学科', '12345', 10, '0000-00-00 00:00:00'),
(134, 3, '针灸科', '传统医学科', '12345', 10, '0000-00-00 00:00:00'),
(135, 3, '中医按摩科', '传统医学科', '12345', 10, '0000-00-00 00:00:00'),
(136, 3, '中医科', '传统医学科', '12345', 10, '0000-00-00 00:00:00'),
(137, 3, '核医学科', '其他', '12345', 10, '0000-00-00 00:00:00'),
(138, 3, '康复医学科', '其他', '12345', 10, '0000-00-00 00:00:00'),
(139, 3, '临床心理科门诊', '其他', '12345', 10, '0000-00-00 00:00:00'),
(140, 3, '门诊麻醉', '其他', '12345', 10, '0000-00-00 00:00:00'),
(141, 3, '皮肤科门诊', '其他', '12345', 10, '0000-00-00 00:00:00'),
(142, 3, '神内门诊', '其他', '12345', 10, '0000-00-00 00:00:00'),
(143, 3, '心血管门诊', '其他', '12345', 10, '0000-00-00 00:00:00'),
(144, 3, '营养科', '其他', '12345', 10, '0000-00-00 00:00:00'),
(145, 3, '肿瘤门诊', '其他', '12345', 10, '0000-00-00 00:00:00'),
(146, 4, '儿童口腔科', '儿童口腔科', '12345', 10, '0000-00-00 00:00:00'),
(147, 4, '急诊科', '急诊科', '12345', 10, '0000-00-00 00:00:00'),
(148, 4, '老年口腔病科', '老年口腔病科', '12345', 10, '0000-00-00 00:00:00'),
(149, 4, '外科门诊', '外科门诊', '12345', 10, '0000-00-00 00:00:00'),
(150, 4, '修复科', '修复科', '12345', 10, '0000-00-00 00:00:00'),
(151, 4, '牙体牙髓科', '牙体牙髓科', '12345', 10, '0000-00-00 00:00:00'),
(152, 4, '牙周科', '牙周科', '12345', 10, '0000-00-00 00:00:00'),
(153, 4, '预防科', '预防科', '12345', 10, '0000-00-00 00:00:00'),
(154, 4, '正畸科', '正畸科', '12345', 10, '0000-00-00 00:00:00'),
(155, 4, '种植中心', '种植中心', '12345', 10, '0000-00-00 00:00:00'),
(156, 4, '综合治疗科', '综合治疗科', '12345', 10, '0000-00-00 00:00:00'),
(157, 4, '黏膜科', '黏膜科', '12345', 10, '0000-00-00 00:00:00'),
(158, 4, '特诊特需科', '特诊特需科', '12345', 10, '0000-00-00 00:00:00'),
(159, 4, '整形创伤科', '整形创伤科', '12345', 10, '0000-00-00 00:00:00'),
(160, 4, '头颈肿瘤科', '头颈肿瘤科', '12345', 10, '0000-00-00 00:00:00'),
(161, 5, 'EKMZ-儿科门诊', 'EKMZ-儿科门诊', '12345', 10, '0000-00-00 00:00:00'),
(162, 5, 'FKMZ-妇科门诊', 'FKMZ-妇科门诊', '12345', 10, '0000-00-00 00:00:00'),
(163, 5, 'GAMZ-骨按门诊', 'GAMZ-骨按门诊', '12345', 10, '0000-00-00 00:00:00'),
(164, 5, 'GBMZ-肝病门诊', 'GBMZ-肝病门诊', '12345', 10, '0000-00-00 00:00:00'),
(165, 5, 'GCMZ-肛肠门诊', 'GCMZ-肛肠门诊', '12345', 10, '0000-00-00 00:00:00'),
(166, 5, 'KQMZ-口腔门诊', 'KQMZ-口腔门诊', '12345', 10, '0000-00-00 00:00:00'),
(167, 5, 'NEMZ-呼吸门诊', 'NEMZ-呼吸门诊', '12345', 10, '0000-00-00 00:00:00'),
(168, 5, 'NSMZ-内三门诊', 'NSMZ-内三门诊', '12345', 10, '0000-00-00 00:00:00'),
(169, 5, 'NWMZ-内五门诊', 'NWMZ-内五门诊', '12345', 10, '0000-00-00 00:00:00'),
(170, 5, 'NYMZ-内一门诊', 'NYMZ-内一门诊', '12345', 10, '0000-00-00 00:00:00'),
(171, 5, 'PKMZ-皮科门诊', 'PKMZ-皮科门诊', '12345', 10, '0000-00-00 00:00:00'),
(172, 5, 'WEMZ-外二门诊', 'WEMZ-外二门诊', '12345', 10, '0000-00-00 00:00:00'),
(173, 5, 'WGMZ-五官门诊', 'WGMZ-五官门诊', '12345', 10, '0000-00-00 00:00:00'),
(174, 5, 'WYMZ-外一门诊', 'WYMZ-外一门诊', '12345', 10, '0000-00-00 00:00:00'),
(175, 5, 'PWBMZ-脾胃病门诊', 'PWBMZ-脾胃病门诊', '12345', 10, '0000-00-00 00:00:00'),
(176, 5, 'ZLMZ-肿瘤门诊', 'ZLMZ-肿瘤门诊', '12345', 10, '0000-00-00 00:00:00'),
(177, 5, 'YKMZ-眼科门诊', 'YKMZ-眼科门诊', '12345', 10, '0000-00-00 00:00:00'),
(178, 5, 'TNKMZ-推拿科门诊', 'TNKMZ-推拿科门诊', '12345', 10, '0000-00-00 00:00:00'),
(179, 5, 'ZJMZ-针灸门诊', 'ZJMZ-针灸门诊', '12345', 10, '0000-00-00 00:00:00'),
(180, 5, 'NLMZ-内六门诊', 'NLMZ-内六门诊', '12345', 10, '0000-00-00 00:00:00'),
(181, 5, 'ZHMZ-综合门诊-专家', 'ZHMZ-综合门诊-专家', '12345', 10, '0000-00-00 00:00:00'),
(182, 5, 'SXYXK-心身医学科', 'SXYXK-心身医学科', '12345', 10, '0000-00-00 00:00:00'),
(183, 5, 'WSMZ-外三门诊', 'WSMZ-外三门诊', '12345', 10, '0000-00-00 00:00:00'),
(184, 5, 'WSMZ-外四门诊', 'WSMZ-外四门诊', '12345', 10, '0000-00-00 00:00:00'),
(185, 5, 'NJMZ-内九门诊', 'NJMZ-内九门诊', '12345', 10, '0000-00-00 00:00:00'),
(186, 5, 'NKMZ-男科门诊', 'NKMZ-男科门诊', '12345', 10, '0000-00-00 00:00:00'),
(187, 6, '泌尿外科', '肿瘤外科', '12345', 10, '0000-00-00 00:00:00'),
(188, 6, '胃肠肿瘤外科', '肿瘤外科', '12345', 10, '0000-00-00 00:00:00'),
(189, 6, '肝胆胰外科', '肿瘤外科', '12345', 10, '0000-00-00 00:00:00'),
(190, 6, '骨与软组织肿瘤科', '肿瘤外科', '12345', 10, '0000-00-00 00:00:00'),
(191, 6, '头颈外科', '肿瘤外科', '12345', 10, '0000-00-00 00:00:00'),
(192, 6, '胸部肿瘤外科', '肿瘤外科', '12345', 10, '0000-00-00 00:00:00'),
(193, 6, '肿瘤外科门诊', '肿瘤外科', '12345', 10, '0000-00-00 00:00:00'),
(194, 6, '乳腺中心门诊', '乳腺中心(西院区)', '12345', 10, '0000-00-00 00:00:00'),
(195, 6, '肿瘤妇科', '肿瘤妇科', '12345', 10, '0000-00-00 00:00:00'),
(196, 6, '淋巴肿瘤内科', '肿瘤内科', '12345', 10, '0000-00-00 00:00:00'),
(197, 6, '日间病房', '肿瘤内科', '12345', 10, '0000-00-00 00:00:00'),
(198, 6, '乳腺肿瘤内科', '肿瘤内科', '12345', 10, '0000-00-00 00:00:00'),
(199, 6, '肾癌黑色素瘤内科', '肿瘤内科', '12345', 10, '0000-00-00 00:00:00'),
(200, 6, '消化肿瘤内科', '肿瘤内科', '12345', 10, '0000-00-00 00:00:00'),
(201, 6, '胸部肿瘤内科', '肿瘤内科', '12345', 10, '0000-00-00 00:00:00'),
(202, 6, '放疗科', '肿瘤放疗科', '12345', 10, '0000-00-00 00:00:00'),
(203, 6, '介入科', '介入治疗科', '12345', 10, '0000-00-00 00:00:00'),
(204, 6, '中西医结合科暨老年肿瘤科', '肿瘤中医', '12345', 10, '0000-00-00 00:00:00'),
(205, 6, '肿瘤心理睡眠门诊', '康复科', '12345', 10, '0000-00-00 00:00:00'),
(206, 6, '针灸按摩', '康复科', '12345', 10, '0000-00-00 00:00:00'),
(207, 6, '康复中医', '康复科', '12345', 10, '0000-00-00 00:00:00'),
(208, 6, '内镜中心门诊', '其它', '12345', 10, '0000-00-00 00:00:00'),
(209, 6, '营养科门诊', '其它', '12345', 10, '0000-00-00 00:00:00'),
(210, 6, '疼痛门诊', '其它', '12345', 10, '0000-00-00 00:00:00'),
(211, 6, '周末门诊', '周末门诊', '12345', 10, '0000-00-00 00:00:00'),
(212, 7, '变态反应科', '变态(过敏)反应科', '12345', 10, '0000-00-00 00:00:00'),
(213, 7, '超声科', '超声科', '12345', 10, '0000-00-00 00:00:00'),
(214, 7, '儿科', '儿科', '12345', 10, '0000-00-00 00:00:00'),
(215, 7, '耳鼻喉科', '耳鼻咽喉头颈外科', '12345', 10, '0000-00-00 00:00:00'),
(216, 7, '妇科', '妇产科', '12345', 10, '0000-00-00 00:00:00'),
(217, 7, '产科', '妇产科', '12345', 10, '0000-00-00 00:00:00'),
(218, 7, '感染科', '感染科', '12345', 10, '0000-00-00 00:00:00'),
(219, 7, '结核诊察', '感染科', '12345', 10, '0000-00-00 00:00:00'),
(220, 7, '功能神经外科', '功能神经外科', '12345', 10, '0000-00-00 00:00:00'),
(221, 7, '呼吸内科', '内科', '12345', 10, '0000-00-00 00:00:00'),
(222, 7, '风湿免疫科', '内科', '12345', 10, '0000-00-00 00:00:00'),
(223, 7, '肾内科', '内科', '12345', 10, '0000-00-00 00:00:00'),
(224, 7, '内分泌科', '内科', '12345', 10, '0000-00-00 00:00:00'),
(225, 7, '消化内科', '内科', '12345', 10, '0000-00-00 00:00:00'),
(226, 7, '心血管内科', '内科', '12345', 10, '0000-00-00 00:00:00'),
(227, 7, '血液科', '内科', '12345', 10, '0000-00-00 00:00:00'),
(228, 7, '皮肤科', '皮肤性病科', '12345', 10, '0000-00-00 00:00:00'),
(229, 7, '精神卫生科', '神经与精神病科', '12345', 10, '0000-00-00 00:00:00'),
(230, 7, '神经科', '神经与精神病科', '12345', 10, '0000-00-00 00:00:00'),
(231, 7, '疼痛门诊', '疼痛门诊', '12345', 10, '0000-00-00 00:00:00'),
(232, 7, '骨外科', '外科', '12345', 10, '0000-00-00 00:00:00'),
(233, 7, '骨科三', '外科', '12345', 10, '0000-00-00 00:00:00'),
(234, 7, '淋巴外科', '外科', '12345', 10, '0000-00-00 00:00:00'),
(235, 7, '泌尿外科', '外科', '12345', 10, '0000-00-00 00:00:00'),
(236, 7, '脑外科', '外科', '12345', 10, '0000-00-00 00:00:00'),
(237, 7, '普外科', '外科', '12345', 10, '0000-00-00 00:00:00'),
(238, 7, '心脏外科', '外科', '12345', 10, '0000-00-00 00:00:00'),
(239, 7, '胸外科', '外科', '12345', 10, '0000-00-00 00:00:00'),
(240, 7, '血管外科', '外科', '12345', 10, '0000-00-00 00:00:00'),
(241, 7, '整形外科', '外科', '12345', 10, '0000-00-00 00:00:00'),
(242, 7, '眼科', '眼科', '12345', 10, '0000-00-00 00:00:00'),
(243, 7, '肛肠疾病诊疗科', '中医科', '12345', 10, '0000-00-00 00:00:00'),
(244, 7, '中医骨伤科', '中医科', '12345', 10, '0000-00-00 00:00:00'),
(245, 7, '中医科', '中医科', '12345', 10, '0000-00-00 00:00:00'),
(246, 7, '放射治疗科', '肿瘤中心', '12345', 10, '0000-00-00 00:00:00'),
(247, 7, '结直肠肛门外科', '肿瘤中心', '12345', 10, '0000-00-00 00:00:00'),
(248, 7, '介入治疗科', '肿瘤中心', '12345', 10, '0000-00-00 00:00:00'),
(249, 7, '肿瘤内科', '肿瘤中心', '12345', 10, '0000-00-00 00:00:00'),
(250, 7, '肿瘤外科', '肿瘤中心', '12345', 10, '0000-00-00 00:00:00'),
(251, 7, '乳腺科', '乳腺科', '12345', 10, '0000-00-00 00:00:00'),
(252, 8, '结核', '感染门诊', '12345', 10, '0000-00-00 00:00:00'),
(253, 8, '肿瘤科', '内科', '12345', 10, '0000-00-00 00:00:00'),
(254, 8, '呼吸科', '内科', '12345', 10, '0000-00-00 00:00:00'),
(255, 8, '心内科', '内科', '12345', 10, '0000-00-00 00:00:00'),
(256, 8, '内分泌科', '内科', '12345', 10, '0000-00-00 00:00:00'),
(257, 8, '神经内科', '内科', '12345', 10, '0000-00-00 00:00:00'),
(258, 8, '肾内科', '内科', '12345', 10, '0000-00-00 00:00:00'),
(259, 8, '消化内科', '内科', '12345', 10, '0000-00-00 00:00:00'),
(260, 8, '康复医学', '内科', '12345', 10, '0000-00-00 00:00:00'),
(261, 8, '记忆减退', '内科', '12345', 10, '0000-00-00 00:00:00'),
(262, 8, '普外科', '外科', '12345', 10, '0000-00-00 00:00:00'),
(263, 8, '胸外科', '外科', '12345', 10, '0000-00-00 00:00:00'),
(264, 8, '肛肠科', '外科', '12345', 10, '0000-00-00 00:00:00'),
(265, 8, '创伤骨科', '外科', '12345', 10, '0000-00-00 00:00:00'),
(266, 8, '脊柱关节', '外科', '12345', 10, '0000-00-00 00:00:00'),
(267, 8, '泌尿外科', '外科', '12345', 10, '0000-00-00 00:00:00'),
(268, 8, '疼痛科', '外科', '12345', 10, '0000-00-00 00:00:00'),
(269, 8, '神经外科', '外科', '12345', 10, '0000-00-00 00:00:00'),
(270, 8, '妇科', '专科', '12345', 10, '0000-00-00 00:00:00'),
(271, 8, '中医科', '专科', '12345', 10, '0000-00-00 00:00:00'),
(272, 8, '皮肤科', '专科', '12345', 10, '0000-00-00 00:00:00'),
(273, 8, '眼科', '专科', '12345', 10, '0000-00-00 00:00:00'),
(274, 8, '口腔科', '专科', '12345', 10, '0000-00-00 00:00:00'),
(275, 8, '耳鼻喉科', '专科', '12345', 10, '0000-00-00 00:00:00'),
(276, 8, '预防保健科', '预防保健科', '12345', 10, '0000-00-00 00:00:00'),
(277, 9, '肺病科门诊', '西苑医院', '12345', 10, '0000-00-00 00:00:00'),
(278, 9, '肺病科门诊', '西苑医院', '12345', 10, '0000-00-00 00:00:00'),
(279, 9, '脑病一科门诊', '西苑医院', '12345', 10, '0000-00-00 00:00:00'),
(280, 9, '心血管科门诊', '西苑医院', '12345', 10, '0000-00-00 00:00:00'),
(281, 9, '血液科门诊', '西苑医院', '12345', 10, '0000-00-00 00:00:00'),
(282, 9, '肾病科门诊', '西苑医院', '12345', 10, '0000-00-00 00:00:00'),
(283, 9, '内分泌科门诊', '西苑医院', '12345', 10, '0000-00-00 00:00:00'),
(284, 9, '风湿病科门诊', '西苑医院', '12345', 10, '0000-00-00 00:00:00'),
(285, 9, '脑病二科门诊', '西苑医院', '12345', 10, '0000-00-00 00:00:00'),
(286, 9, '老年病门诊', '西苑医院', '12345', 10, '0000-00-00 00:00:00'),
(287, 9, '肿瘤科门诊', '西苑医院', '12345', 10, '0000-00-00 00:00:00'),
(288, 9, '综合内科', '西苑医院', '12345', 10, '0000-00-00 00:00:00'),
(289, 9, '外科门诊', '西苑医院', '12345', 10, '0000-00-00 00:00:00'),
(290, 9, '外科乳腺门诊', '西苑医院', '12345', 10, '0000-00-00 00:00:00'),
(291, 9, '外二科门诊(泌尿)', '西苑医院', '12345', 10, '0000-00-00 00:00:00'),
(292, 9, '肛肠科门诊', '西苑医院', '12345', 10, '0000-00-00 00:00:00'),
(293, 9, '周围血管科门诊', '西苑医院', '12345', 10, '0000-00-00 00:00:00'),
(294, 9, '男科门诊', '西苑医院', '12345', 10, '0000-00-00 00:00:00'),
(295, 9, '骨伤科门诊', '西苑医院', '12345', 10, '0000-00-00 00:00:00'),
(296, 9, '皮肤科门诊', '西苑医院', '12345', 10, '0000-00-00 00:00:00'),
(297, 9, '妇科门诊', '西苑医院', '12345', 10, '0000-00-00 00:00:00'),
(298, 9, '儿科门诊', '西苑医院', '12345', 10, '0000-00-00 00:00:00'),
(299, 9, '眼科门诊', '西苑医院', '12345', 10, '0000-00-00 00:00:00'),
(300, 9, '耳鼻咽喉科门诊', '西苑医院', '12345', 10, '0000-00-00 00:00:00'),
(301, 9, '针灸科门诊', '西苑医院', '12345', 10, '0000-00-00 00:00:00'),
(302, 9, '针灸科门诊', '西苑医院', '12345', 10, '0000-00-00 00:00:00'),
(303, 9, '理疗门诊', '西苑医院', '12345', 10, '0000-00-00 00:00:00'),
(304, 9, '综合内科门诊', '西苑医院', '12345', 10, '0000-00-00 00:00:00'),
(305, 10, '疑难疼痛多学科专家会诊', '疼痛科', '12345', 10, '0000-00-00 00:00:00'),
(306, 10, '头痛、失眠门诊', '疼痛科', '12345', 10, '0000-00-00 00:00:00'),
(307, 10, '疼痛专科门诊', '疼痛科', '12345', 10, '0000-00-00 00:00:00'),
(308, 10, '神经内科门诊', '神经内科', '12345', 10, '0000-00-00 00:00:00'),
(309, 10, '精神与神经心理门诊', '神经内科', '12345', 10, '0000-00-00 00:00:00'),
(310, 10, '癫痫内科特色门诊', '神经内科', '12345', 10, '0000-00-00 00:00:00'),
(311, 10, '脑肿瘤专科门诊', '神经外科', '12345', 10, '0000-00-00 00:00:00'),
(312, 10, '垂体瘤与不孕不育多学科专家会诊', '神经外科', '12345', 10, '0000-00-00 00:00:00'),
(313, 10, '垂体瘤、听神经瘤特色门诊', '神经外科', '12345', 10, '0000-00-00 00:00:00'),
(314, 10, '神经外科门诊', '神经外科', '12345', 10, '0000-00-00 00:00:00'),
(315, 10, '功能神经外科门诊', '神经外科', '12345', 10, '0000-00-00 00:00:00'),
(316, 10, '癫痫外科特色门诊', '神经外科', '12345', 10, '0000-00-00 00:00:00'),
(317, 10, '脑血管外科', '神经外科', '12345', 10, '0000-00-00 00:00:00'),
(318, 10, '脊髓脊柱疾病门诊', '神经外科', '12345', 10, '0000-00-00 00:00:00'),
(319, 10, '小儿神外门诊', '神经外科', '12345', 10, '0000-00-00 00:00:00'),
(320, 10, '神经肿瘤化疗门诊', '神经外科', '12345', 10, '0000-00-00 00:00:00'),
(321, 10, '脑胶质瘤诊疗门诊', '神经外科', '12345', 10, '0000-00-00 00:00:00'),
(322, 10, '内分泌门诊', '内科门诊', '12345', 10, '0000-00-00 00:00:00'),
(323, 10, '内科门诊', '内科门诊', '12345', 10, '0000-00-00 00:00:00'),
(324, 10, '神经病理专家门诊', '病理科', '12345', 10, '0000-00-00 00:00:00'),
(325, 10, '神经影像门诊', '医学影像科', '12345', 10, '0000-00-00 00:00:00'),
(326, 10, '神经康复门诊', '康复医学科', '12345', 10, '0000-00-00 00:00:00'),
(327, 11, 'TM-头门', '头颈肿瘤', '12345', 10, '0000-00-00 00:00:00'),
(328, 11, 'NWMZ-脑外门诊', '头颈肿瘤', '12345', 10, '0000-00-00 00:00:00'),
(329, 11, 'TFMZ-头放门诊', '头颈肿瘤', '12345', 10, '0000-00-00 00:00:00'),
(330, 11, 'XM-胸门', '胸部肿瘤', '12345', 10, '0000-00-00 00:00:00'),
(331, 11, 'XFMZ-胸放门诊', '胸部肿瘤', '12345', 10, '0000-00-00 00:00:00'),
(332, 11, 'FM-腹门', '腹部及四肢肿瘤', '12345', 10, '0000-00-00 00:00:00'),
(333, 11, 'RXMZ-乳腺门诊', '腹部及四肢肿瘤', '12345', 10, '0000-00-00 00:00:00'),
(334, 11, 'YWWKMZ-胰胃外科门诊', '腹部及四肢肿瘤', '12345', 10, '0000-00-00 00:00:00'),
(335, 11, 'GKMZ-骨科门诊', '腹部及四肢肿瘤', '12345', 10, '0000-00-00 00:00:00'),
(336, 11, 'GDWKMZ-肝胆外科门诊', '腹部及四肢肿瘤', '12345', 10, '0000-00-00 00:00:00'),
(337, 11, 'MWMZ-泌外门诊', '腹部及四肢肿瘤', '12345', 10, '0000-00-00 00:00:00'),
(338, 11, 'JZCWK1MZ-结直肠外科1门诊', '腹部及四肢肿瘤', '12345', 10, '0000-00-00 00:00:00'),
(339, 11, 'JZCWK2MZ-结直肠外科2门诊', '腹部及四肢肿瘤', '12345', 10, '0000-00-00 00:00:00'),
(340, 11, 'FFMZ-腹放门诊', '腹部及四肢肿瘤', '12345', 10, '0000-00-00 00:00:00'),
(341, 11, 'FKMZ-妇科门诊', '妇科肿瘤', '12345', 10, '0000-00-00 00:00:00'),
(342, 11, 'NKMZ-内科门诊', '内科肿瘤化疗', '12345', 10, '0000-00-00 00:00:00'),
(343, 11, 'ZTMZ-止痛门诊', '其他治疗', '12345', 10, '0000-00-00 00:00:00'),
(344, 11, 'ZYMZ-中医门诊', '其他治疗', '12345', 10, '0000-00-00 00:00:00'),
(345, 11, 'JRMZ-介入门诊', '其他治疗', '12345', 10, '0000-00-00 00:00:00'),
(346, 11, 'HYXMZ-核医学门诊', '其他治疗', '12345', 10, '0000-00-00 00:00:00'),
(347, 11, 'ZHMZ-综合门诊', '其他治疗', '12345', 10, '0000-00-00 00:00:00'),
(348, 12, '儿科', '内科系统', '12345', 10, '0000-00-00 00:00:00'),
(349, 12, '高压氧科', '内科系统', '12345', 10, '0000-00-00 00:00:00'),
(350, 12, '呼吸科', '内科系统', '12345', 10, '0000-00-00 00:00:00'),
(351, 12, '内分泌科', '内科系统', '12345', 10, '0000-00-00 00:00:00'),
(352, 12, '神经内科', '内科系统', '12345', 10, '0000-00-00 00:00:00'),
(353, 12, '肾内科', '内科系统', '12345', 10, '0000-00-00 00:00:00'),
(354, 12, '消化内科', '内科系统', '12345', 10, '0000-00-00 00:00:00'),
(355, 12, '心理咨询', '内科系统', '12345', 10, '0000-00-00 00:00:00'),
(356, 12, '心内科', '内科系统', '12345', 10, '0000-00-00 00:00:00'),
(357, 12, '血液科', '内科系统', '12345', 10, '0000-00-00 00:00:00'),
(358, 12, '风湿免疫科', '内科系统', '12345', 10, '0000-00-00 00:00:00'),
(359, 12, '综合科', '内科系统', '12345', 10, '0000-00-00 00:00:00'),
(360, 12, '疼痛门诊', '内科系统', '12345', 10, '0000-00-00 00:00:00'),
(361, 12, '感染微生物科', '内科系统', '12345', 10, '0000-00-00 00:00:00'),
(362, 12, '肿瘤科', '内科系统', '12345', 10, '0000-00-00 00:00:00'),
(363, 12, '中医科', '内科系统', '12345', 10, '0000-00-00 00:00:00'),
(364, 12, '职业病科', '内科系统', '12345', 10, '0000-00-00 00:00:00'),
(365, 12, '骨科', '外科系统', '12345', 10, '0000-00-00 00:00:00'),
(366, 12, '泌尿外科', '外科系统', '12345', 10, '0000-00-00 00:00:00'),
(367, 12, '皮肤科', '外科系统', '12345', 10, '0000-00-00 00:00:00'),
(368, 12, '普外科', '外科系统', '12345', 10, '0000-00-00 00:00:00'),
(369, 12, '神经外科', '外科系统', '12345', 10, '0000-00-00 00:00:00'),
(370, 12, '血管外科', '外科系统', '12345', 10, '0000-00-00 00:00:00'),
(371, 12, '心外科', '外科系统', '12345', 10, '0000-00-00 00:00:00'),
(372, 12, '胸外科', '外科系统', '12345', 10, '0000-00-00 00:00:00'),
(373, 12, '理疗科', '外科系统', '12345', 10, '0000-00-00 00:00:00'),
(374, 12, '肝胆胰脾外科', '外科系统', '12345', 10, '0000-00-00 00:00:00'),
(375, 12, '整形外科', '外科系统', '12345', 10, '0000-00-00 00:00:00'),
(376, 12, '神经介入', '外科系统', '12345', 10, '0000-00-00 00:00:00'),
(377, 12, '计划生育', '妇产科', '12345', 10, '0000-00-00 00:00:00'),
(378, 12, '妇科', '妇产科', '12345', 10, '0000-00-00 00:00:00'),
(379, 12, '产科', '妇产科', '12345', 10, '0000-00-00 00:00:00'),
(380, 12, '妇科阴道镜', '妇产科', '12345', 10, '0000-00-00 00:00:00'),
(381, 12, '生殖中心与妇科内分泌', '妇产科', '12345', 10, '0000-00-00 00:00:00'),
(382, 12, '耳鼻喉科', '五官科', '12345', 10, '0000-00-00 00:00:00'),
(383, 12, '口腔科', '五官科', '12345', 10, '0000-00-00 00:00:00'),
(384, 12, '眼科', '五官科', '12345', 10, '0000-00-00 00:00:00'),
(385, 12, '口腔2', '五官科', '12345', 10, '0000-00-00 00:00:00'),
(386, 12, '眼科2', '五官科', '12345', 10, '0000-00-00 00:00:00'),
(387, 12, '医学研究中心', '其他', '12345', 10, '0000-00-00 00:00:00'),
(388, 12, '介入科', '其他', '12345', 10, '0000-00-00 00:00:00'),
(389, 12, '核医学科', '其他', '12345', 10, '0000-00-00 00:00:00'),
(390, 12, '营养科', '其他', '12345', 10, '0000-00-00 00:00:00'),
(391, 12, '针灸科', '其他', '12345', 10, '0000-00-00 00:00:00'),
(392, 12, '血液净化中心', '其他', '12345', 10, '0000-00-00 00:00:00'),
(393, 12, '放疗科', '其他', '12345', 10, '0000-00-00 00:00:00'),
(394, 12, '心脏超声科', '其他', '12345', 10, '0000-00-00 00:00:00'),
(395, 12, '血液净化科', '其他', '12345', 10, '0000-00-00 00:00:00'),
(396, 13, '血液透析室门诊', '血液透析', '12345', 10, '0000-00-00 00:00:00'),
(397, 13, '医学影像门诊', '医学影像', '12345', 10, '0000-00-00 00:00:00'),
(398, 13, '骨科门诊', '骨科', '12345', 10, '0000-00-00 00:00:00'),
(399, 13, '神经内科门诊', '神经内科', '12345', 10, '0000-00-00 00:00:00'),
(400, 13, '神经外科门诊', '神经内科', '12345', 10, '0000-00-00 00:00:00'),
(401, 13, '内二消化科门诊', '消化内科', '12345', 10, '0000-00-00 00:00:00'),
(402, 13, '妇产科门诊', '产科', '12345', 10, '0000-00-00 00:00:00'),
(403, 13, '妇科门诊', '妇科', '12345', 10, '0000-00-00 00:00:00'),
(404, 13, '儿科门诊', '儿科', '12345', 10, '0000-00-00 00:00:00'),
(405, 13, '内一科门诊', '内分泌科', '12345', 10, '0000-00-00 00:00:00'),
(406, 13, '感染科门诊', '肝病', '12345', 10, '0000-00-00 00:00:00'),
(407, 13, '中西医结合一科门诊', '肝病', '12345', 10, '0000-00-00 00:00:00'),
(408, 13, '感染一科门诊', '肝病', '12345', 10, '0000-00-00 00:00:00'),
(409, 13, '内四科门诊', '肝病', '12345', 10, '0000-00-00 00:00:00'),
(410, 13, '内三科门诊', '肝病', '12345', 10, '0000-00-00 00:00:00'),
(411, 13, '中西医结合二科门诊', '肝病', '12345', 10, '0000-00-00 00:00:00'),
(412, 13, '感染二科门诊', '肝病', '12345', 10, '0000-00-00 00:00:00'),
(413, 13, '综合科门诊', '肝病', '12345', 10, '0000-00-00 00:00:00'),
(414, 13, '肿瘤科门诊', '肝病', '12345', 10, '0000-00-00 00:00:00'),
(415, 13, '内五科门诊', '肝病', '12345', 10, '0000-00-00 00:00:00'),
(416, 13, '传染科门诊', '肝病', '12345', 10, '0000-00-00 00:00:00'),
(417, 13, '感染科专科门诊', '肝病', '12345', 10, '0000-00-00 00:00:00'),
(418, 13, '外一科门诊', '外科', '12345', 10, '0000-00-00 00:00:00'),
(419, 13, '眼科门诊', '眼科', '12345', 10, '0000-00-00 00:00:00'),
(420, 13, '口腔科门诊', '口腔科', '12345', 10, '0000-00-00 00:00:00'),
(421, 13, '耳鼻喉科门诊', '耳鼻喉', '12345', 10, '0000-00-00 00:00:00'),
(422, 13, '皮肤性病门诊', '皮科', '12345', 10, '0000-00-00 00:00:00'),
(423, 13, '预防门诊', '预防门诊', '12345', 10, '0000-00-00 00:00:00'),
(424, 13, '内分泌科门诊', '内分泌', '12345', 10, '0000-00-00 00:00:00'),
(425, 13, '肾内科门诊', '肾内科', '12345', 10, '0000-00-00 00:00:00'),
(426, 13, '呼吸科门诊', '呼吸科', '12345', 10, '0000-00-00 00:00:00'),
(427, 13, '泌尿外科门诊', '泌尿外科', '12345', 10, '0000-00-00 00:00:00'),
(428, 13, '心内科门诊', '心内科', '12345', 10, '0000-00-00 00:00:00'),
(429, 13, '肿瘤介入科门诊', '介入科', '12345', 10, '0000-00-00 00:00:00'),
(430, 14, '呼吸内科门诊', '呼吸内科门诊', '12345', 10, '0000-00-00 00:00:00'),
(431, 14, '哮喘门诊', '呼吸内科门诊', '12345', 10, '0000-00-00 00:00:00'),
(432, 14, '内科特需', '呼吸内科门诊', '12345', 10, '0000-00-00 00:00:00'),
(433, 14, '内科综合_哮喘', '呼吸内科门诊', '12345', 10, '0000-00-00 00:00:00'),
(434, 14, '呼吸睡眠门诊', '呼吸内科门诊', '12345', 10, '0000-00-00 00:00:00'),
(435, 14, '反复呼吸道感染门诊', '呼吸内科门诊', '12345', 10, '0000-00-00 00:00:00'),
(436, 14, '消化内科门诊', '消化内科门诊', '12345', 10, '0000-00-00 00:00:00'),
(437, 14, '内科特需', '消化内科门诊', '12345', 10, '0000-00-00 00:00:00'),
(438, 14, '慢性腹泻', '消化内科门诊', '12345', 10, '0000-00-00 00:00:00'),
(439, 14, '神经内科门诊', '神经内科门诊', '12345', 10, '0000-00-00 00:00:00'),
(440, 14, '内科综合_神经专业', '神经内科门诊', '12345', 10, '0000-00-00 00:00:00'),
(441, 14, '内分泌科门诊', '内分泌科门诊', '12345', 10, '0000-00-00 00:00:00'),
(442, 14, '内科特需', '内分泌科门诊', '12345', 10, '0000-00-00 00:00:00'),
(443, 14, '心血管内科门诊', '心血管内科门诊', '12345', 10, '0000-00-00 00:00:00'),
(444, 14, '内科特需', '心血管内科门诊', '12345', 10, '0000-00-00 00:00:00'),
(445, 14, '先心病', '心血管内科门诊', '12345', 10, '0000-00-00 00:00:00'),
(446, 14, '肾脏内科门诊', '肾脏内科门诊', '12345', 10, '0000-00-00 00:00:00'),
(447, 14, '内科特需', '肾脏内科门诊', '12345', 10, '0000-00-00 00:00:00'),
(448, 14, '遗尿门诊', '肾脏内科门诊', '12345', 10, '0000-00-00 00:00:00'),
(449, 14, '血液内科门诊', '血液内科门诊', '12345', 10, '0000-00-00 00:00:00'),
(450, 14, '内科特需', '血液内科门诊', '12345', 10, '0000-00-00 00:00:00'),
(451, 14, '风湿免疫科门诊', '风湿免疫科门诊', '12345', 10, '0000-00-00 00:00:00'),
(452, 14, '内科特需', '风湿免疫科门诊', '12345', 10, '0000-00-00 00:00:00'),
(453, 14, '新生儿内科门诊', '新生儿内科门诊', '12345', 10, '0000-00-00 00:00:00'),
(454, 14, '内科特需', '新生儿内科门诊', '12345', 10, '0000-00-00 00:00:00'),
(455, 14, '普通（新生儿）外科门诊', '普通（新生儿）外科门诊', '12345', 10, '0000-00-00 00:00:00'),
(456, 14, '泌尿外科门诊', '泌尿外科门诊', '12345', 10, '0000-00-00 00:00:00'),
(457, 14, '胸外科门诊', '胸外科门诊', '12345', 10, '0000-00-00 00:00:00'),
(458, 14, '骨科门诊', '骨科门诊', '12345', 10, '0000-00-00 00:00:00'),
(459, 14, '保健科门诊', '保健科门诊', '12345', 10, '0000-00-00 00:00:00'),
(460, 14, '儿童生长发育门诊', '保健科门诊', '12345', 10, '0000-00-00 00:00:00'),
(461, 14, '儿童营养门诊', '保健科门诊', '12345', 10, '0000-00-00 00:00:00'),
(462, 14, '儿童心理卫生门诊', '保健科门诊', '12345', 10, '0000-00-00 00:00:00'),
(463, 14, '儿童五官保健门诊', '保健科门诊', '12345', 10, '0000-00-00 00:00:00'),
(464, 14, '眼科门诊', '眼科门诊', '12345', 10, '0000-00-00 00:00:00'),
(465, 14, '耳鼻喉科门诊', '耳鼻喉科门诊', '12345', 10, '0000-00-00 00:00:00'),
(466, 14, '口腔科门诊', '口腔科门诊', '12345', 10, '0000-00-00 00:00:00'),
(467, 14, '皮肤科门诊', '皮肤科门诊', '12345', 10, '0000-00-00 00:00:00'),
(468, 14, '中医科门诊', '中医科门诊', '12345', 10, '0000-00-00 00:00:00'),
(469, 14, '脾胃病门诊', '中医科门诊', '12345', 10, '0000-00-00 00:00:00'),
(470, 14, '感染专业门诊', '感染门诊', '12345', 10, '0000-00-00 00:00:00'),
(471, 14, '先心病（外）', '心脏外科门诊', '12345', 10, '0000-00-00 00:00:00'),
(472, 14, '综合内科门诊', '综合内科门诊', '12345', 10, '0000-00-00 00:00:00'),
(473, 15, '心外科', '心外科', '12345', 10, '0000-00-00 00:00:00'),
(474, 15, '心内科', '心内科', '12345', 10, '0000-00-00 00:00:00'),
(475, 15, '风湿免疫科', '内科', '12345', 10, '0000-00-00 00:00:00'),
(476, 15, '呼吸内科', '内科', '12345', 10, '0000-00-00 00:00:00'),
(477, 15, '内分泌科', '内科', '12345', 10, '0000-00-00 00:00:00'),
(478, 15, '消化内科', '内科', '12345', 10, '0000-00-00 00:00:00'),
(479, 15, '普内糖尿病科', '内科', '12345', 10, '0000-00-00 00:00:00'),
(480, 15, '神经内科', '内科', '12345', 10, '0000-00-00 00:00:00'),
(481, 15, '肾内科', '内科', '12345', 10, '0000-00-00 00:00:00'),
(482, 15, '全科门诊', '内科', '12345', 10, '0000-00-00 00:00:00'),
(483, 15, '血液科', '内科', '12345', 10, '0000-00-00 00:00:00'),
(484, 15, '骨科', '外科', '12345', 10, '0000-00-00 00:00:00'),
(485, 15, '骨科', '外科', '12345', 10, '0000-00-00 00:00:00'),
(486, 15, '普外科', '外科', '12345', 10, '0000-00-00 00:00:00'),
(487, 15, '神经外科', '外科', '12345', 10, '0000-00-00 00:00:00'),
(488, 15, '胸外科', '外科', '12345', 10, '0000-00-00 00:00:00'),
(489, 15, '血管科', '外科', '12345', 10, '0000-00-00 00:00:00'),
(490, 15, '小儿心脏科', '小儿心脏科', '12345', 10, '0000-00-00 00:00:00'),
(491, 15, '眼科', '眼科', '12345', 10, '0000-00-00 00:00:00'),
(492, 15, '中医理疗科', '中医科', '12345', 10, '0000-00-00 00:00:00'),
(493, 15, '中医科', '中医科', '12345', 10, '0000-00-00 00:00:00'),
(494, 15, '精神心理科', '精神心理科', '12345', 10, '0000-00-00 00:00:00'),
(495, 15, '产科', '妇产科', '12345', 10, '0000-00-00 00:00:00'),
(496, 15, '妇科', '妇产科', '12345', 10, '0000-00-00 00:00:00'),
(497, 15, '妇产科', '妇产科', '12345', 10, '0000-00-00 00:00:00'),
(498, 15, '高血压科', '高血压', '12345', 10, '0000-00-00 00:00:00'),
(499, 15, '高血压门诊', '高血压', '12345', 10, '0000-00-00 00:00:00'),
(500, 15, '口腔治疗科', '口腔科', '12345', 10, '0000-00-00 00:00:00'),
(501, 15, '口腔镶牙科', '口腔科', '12345', 10, '0000-00-00 00:00:00'),
(502, 15, '口腔正畸科', '口腔科', '12345', 10, '0000-00-00 00:00:00'),
(503, 15, '耳鼻喉科', '耳鼻喉科', '12345', 10, '0000-00-00 00:00:00'),
(504, 15, '核医学科', '核医学科', '12345', 10, '0000-00-00 00:00:00'),
(505, 15, '皮肤性病科', '皮肤性病科', '12345', 10, '0000-00-00 00:00:00'),
(506, 15, '普儿科', '普儿科', '12345', 10, '0000-00-00 00:00:00'),
(507, 15, '疼痛门诊', '疼痛门诊', '12345', 10, '0000-00-00 00:00:00'),
(508, 15, '激光肛肠科', '整形美容和激光肛肠科', '12345', 10, '0000-00-00 00:00:00'),
(509, 15, '整形美容科', '整形美容和激光肛肠科', '12345', 10, '0000-00-00 00:00:00'),
(510, 15, '妇产科(特需)', '特需门诊', '12345', 10, '0000-00-00 00:00:00'),
(511, 15, '小儿心脏科(特需)', '特需门诊', '12345', 10, '0000-00-00 00:00:00'),
(512, 15, '心内科房颤门诊(特需)', '特需门诊', '12345', 10, '0000-00-00 00:00:00'),
(513, 15, '血管科(特需)', '特需门诊', '12345', 10, '0000-00-00 00:00:00'),
(514, 15, '动脉硬化研究室', '动脉硬化研究室', '12345', 10, '0000-00-00 00:00:00'),
(515, 16, '成人心内科', '内科', '12345', 10, '0000-00-00 00:00:00'),
(516, 16, '成人外科', '外科', '12345', 10, '0000-00-00 00:00:00'),
(517, 16, '儿童外科', '外科', '12345', 10, '0000-00-00 00:00:00'),
(518, 16, '中医科', '中医科', '12345', 10, '0000-00-00 00:00:00'),
(519, 16, '放射科', '放射科', '12345', 10, '0000-00-00 00:00:00'),
(520, 16, '内分泌科', '内分泌科', '12345', 10, '0000-00-00 00:00:00'),
(521, 17, '骨科', '外科系统', '12345', 10, '0000-00-00 00:00:00'),
(522, 17, '麻醉科、疼痛门诊', '外科系统', '12345', 10, '0000-00-00 00:00:00'),
(523, 17, '介入血管外科', '外科系统', '12345', 10, '0000-00-00 00:00:00'),
(524, 17, '泌尿外科', '外科系统', '12345', 10, '0000-00-00 00:00:00'),
(525, 17, '普通外科', '外科系统', '12345', 10, '0000-00-00 00:00:00'),
(526, 17, '神经外科', '外科系统', '12345', 10, '0000-00-00 00:00:00'),
(527, 17, '心脏外科', '外科系统', '12345', 10, '0000-00-00 00:00:00'),
(528, 17, '胸外科', '外科系统', '12345', 10, '0000-00-00 00:00:00'),
(529, 17, '整形烧伤门诊', '外科系统', '12345', 10, '0000-00-00 00:00:00'),
(530, 17, '泌四门诊', '外科系统', '12345', 10, '0000-00-00 00:00:00'),
(531, 17, '风湿免疫', '内科系统', '12345', 10, '0000-00-00 00:00:00'),
(532, 17, '呼吸内科', '内科系统', '12345', 10, '0000-00-00 00:00:00'),
(533, 17, '内分泌内科', '内科系统', '12345', 10, '0000-00-00 00:00:00'),
(534, 17, '神经内科', '内科系统', '12345', 10, '0000-00-00 00:00:00'),
(535, 17, '肾内', '内科系统', '12345', 10, '0000-00-00 00:00:00'),
(536, 17, '消化内科', '内科系统', '12345', 10, '0000-00-00 00:00:00'),
(537, 17, '心血管内科', '内科系统', '12345', 10, '0000-00-00 00:00:00'),
(538, 17, '血液内科', '内科系统', '12345', 10, '0000-00-00 00:00:00'),
(539, 17, '产科门诊', '妇儿', '12345', 10, '0000-00-00 00:00:00'),
(540, 17, '妇科门诊', '妇儿', '12345', 10, '0000-00-00 00:00:00'),
(541, 17, '儿科门诊', '妇儿', '12345', 10, '0000-00-00 00:00:00'),
(542, 17, '小儿外科门诊', '妇儿', '12345', 10, '0000-00-00 00:00:00'),
(543, 17, '生殖与遗传中心', '妇儿', '12345', 10, '0000-00-00 00:00:00'),
(544, 17, '耳鼻喉科门诊', '五官科', '12345', 10, '0000-00-00 00:00:00'),
(545, 17, '小儿眼科', '五官科', '12345', 10, '0000-00-00 00:00:00'),
(546, 17, '眼科', '五官科', '12345', 10, '0000-00-00 00:00:00'),
(547, 17, '放射治疗科', '其它科室', '12345', 10, '0000-00-00 00:00:00'),
(548, 17, '感染疾病科', '其它科室', '12345', 10, '0000-00-00 00:00:00'),
(549, 17, '抗感染科', '其它科室', '12345', 10, '0000-00-00 00:00:00'),
(550, 17, '皮肤、性病科', '其它科室', '12345', 10, '0000-00-00 00:00:00'),
(551, 17, '康复医学科', '其它科室', '12345', 10, '0000-00-00 00:00:00'),
(552, 17, '中医中西医结合科', '其它科室', '12345', 10, '0000-00-00 00:00:00'),
(553, 17, '外科肿瘤门诊', '其它科室', '12345', 10, '0000-00-00 00:00:00'),
(554, 17, '干部门诊', '其它科室', '12345', 10, '0000-00-00 00:00:00'),
(555, 17, '心理门诊', '其它科室', '12345', 10, '0000-00-00 00:00:00'),
(556, 17, '核医学科门诊', '其它科室', '12345', 10, '0000-00-00 00:00:00'),
(557, 17, '口腔科', '其它科室', '12345', 10, '0000-00-00 00:00:00'),
(558, 17, '化疗门诊', '其它科室', '12345', 10, '0000-00-00 00:00:00'),
(559, 17, '放疗门诊', '其它科室', '12345', 10, '0000-00-00 00:00:00'),
(560, 17, '疼痛门诊', '其它科室', '12345', 10, '0000-00-00 00:00:00'),
(561, 17, '康复医学妇儿', '其它科室', '12345', 10, '0000-00-00 00:00:00'),
(562, 17, '临床营养科', '其它科室', '12345', 10, '0000-00-00 00:00:00'),
(563, 18, '内科', '北京儿童医院', '12345', 10, '0000-00-00 00:00:00'),
(564, 18, '外科', '北京儿童医院', '12345', 10, '0000-00-00 00:00:00'),
(565, 18, '中医科', '北京儿童医院', '12345', 10, '0000-00-00 00:00:00'),
(566, 18, '外科门诊', '北京儿童医院', '12345', 10, '0000-00-00 00:00:00'),
(567, 18, '耳鼻喉科门诊', '北京儿童医院', '12345', 10, '0000-00-00 00:00:00'),
(568, 18, '眼科门诊', '北京儿童医院', '12345', 10, '0000-00-00 00:00:00'),
(569, 18, '口腔科', '北京儿童医院', '12345', 10, '0000-00-00 00:00:00'),
(570, 18, '皮科', '北京儿童医院', '12345', 10, '0000-00-00 00:00:00'),
(571, 18, '心脏中心', '北京儿童医院', '12345', 10, '0000-00-00 00:00:00'),
(572, 18, '血液病中心', '北京儿童医院', '12345', 10, '0000-00-00 00:00:00'),
(573, 18, '保健中心', '北京儿童医院', '12345', 10, '0000-00-00 00:00:00'),
(574, 18, '特需门诊', '北京儿童医院', '12345', 10, '0000-00-00 00:00:00'),
(575, 18, '院部', '北京儿童医院', '12345', 10, '0000-00-00 00:00:00'),
(576, 18, '新生儿内科病房', '北京儿童医院', '12345', 10, '0000-00-00 00:00:00'),
(577, 18, '神经科', '北京儿童医院', '12345', 10, '0000-00-00 00:00:00'),
(578, 18, '康复科', '北京儿童医院', '12345', 10, '0000-00-00 00:00:00'),
(579, 19, '呼吸科门诊', '内科门诊', '12345', 10, '0000-00-00 00:00:00'),
(580, 19, '消化科门诊', '内科门诊', '12345', 10, '0000-00-00 00:00:00'),
(581, 19, '风湿免疫、变态反应科门诊', '内科门诊', '12345', 10, '0000-00-00 00:00:00'),
(582, 19, '内分泌科门诊', '内科门诊', '12345', 10, '0000-00-00 00:00:00'),
(583, 19, '血液科门诊', '内科门诊', '12345', 10, '0000-00-00 00:00:00'),
(584, 19, '肾科门诊', '内科门诊', '12345', 10, '0000-00-00 00:00:00'),
(585, 19, '内科门诊', '内科门诊', '12345', 10, '0000-00-00 00:00:00'),
(586, 19, '普通外科门诊', '普外科', '12345', 10, '0000-00-00 00:00:00'),
(587, 19, '泌尿外科门诊', '泌尿科', '12345', 10, '0000-00-00 00:00:00'),
(588, 19, '神经内科门诊', '神内科', '12345', 10, '0000-00-00 00:00:00'),
(589, 19, '神经外科门诊', '神外科', '12345', 10, '0000-00-00 00:00:00'),
(590, 19, '介入放射诊断治疗中心门诊', '介入中心', '12345', 10, '0000-00-00 00:00:00'),
(591, 19, '功能神经外科门诊', '功能神外', '12345', 10, '0000-00-00 00:00:00'),
(592, 19, '妇科门诊', '妇产科', '12345', 10, '0000-00-00 00:00:00'),
(593, 19, '计划生育门诊', '妇产科', '12345', 10, '0000-00-00 00:00:00'),
(594, 19, '产科门诊', '妇产科', '12345', 10, '0000-00-00 00:00:00'),
(595, 19, '耳鼻咽喉-头颈外科门诊', '耳鼻喉科', '12345', 10, '0000-00-00 00:00:00'),
(596, 19, '皮肤性病科门诊', '皮肤性病科', '12345', 10, '0000-00-00 00:00:00'),
(597, 19, '胸科门诊', '胸科', '12345', 10, '0000-00-00 00:00:00'),
(598, 19, '血管外科门诊', '血管外科', '12345', 10, '0000-00-00 00:00:00'),
(599, 19, '骨科门诊', '骨科', '12345', 10, '0000-00-00 00:00:00'),
(600, 19, '康复科按摩门诊', '康复科', '12345', 10, '0000-00-00 00:00:00'),
(601, 19, '康复科针灸门诊', '康复科', '12345', 10, '0000-00-00 00:00:00'),
(602, 19, '康复科理疗门诊', '康复科', '12345', 10, '0000-00-00 00:00:00'),
(603, 19, '康复医学门诊', '康复科', '12345', 10, '0000-00-00 00:00:00'),
(604, 19, '眼科门诊', '眼科', '12345', 10, '0000-00-00 00:00:00'),
(605, 19, '中医科门诊', '中医科', '12345', 10, '0000-00-00 00:00:00'),
(606, 19, '心脏科门诊', '心脏科', '12345', 10, '0000-00-00 00:00:00'),
(607, 19, '核医学科', '核医学', '12345', 10, '0000-00-00 00:00:00'),
(608, 19, '营养科', '营养科', '12345', 10, '0000-00-00 00:00:00'),
(609, 19, '疼痛诊疗中心门诊', '疼痛诊疗科', '12345', 10, '0000-00-00 00:00:00'),
(610, 19, '口腔科门诊', '口腔科', '12345', 10, '0000-00-00 00:00:00'),
(611, 19, '病理科门诊', '病理科', '12345', 10, '0000-00-00 00:00:00'),
(612, 19, '放射科门诊', '放射科', '12345', 10, '0000-00-00 00:00:00'),
(613, 19, '感染性疾病科门诊', '感染性疾病科', '12345', 10, '0000-00-00 00:00:00'),
(614, 20, '医疗美容科门诊', '医疗美容科门诊', '12345', 10, '0000-00-00 00:00:00'),
(615, 20, '产科门诊', '产科门诊', '12345', 10, '0000-00-00 00:00:00'),
(616, 20, '儿科急诊诊室', '儿科急诊诊室', '12345', 10, '0000-00-00 00:00:00'),
(617, 20, '耳鼻喉科门诊', '耳鼻喉科门诊', '12345', 10, '0000-00-00 00:00:00'),
(618, 20, '急诊内科诊室', '急诊内科诊室', '12345', 10, '0000-00-00 00:00:00'),
(619, 20, '妇科门诊', '妇科门诊', '12345', 10, '0000-00-00 00:00:00'),
(620, 20, '骨关节科门诊', '骨关节科门诊', '12345', 10, '0000-00-00 00:00:00'),
(621, 20, '核医学科其他', '核医学科其他', '12345', 10, '0000-00-00 00:00:00'),
(622, 20, '腔镜外科门诊', '腔镜外科门诊', '12345', 10, '0000-00-00 00:00:00'),
(623, 20, '康复医学科门诊', '康复医学科门诊', '12345', 10, '0000-00-00 00:00:00'),
(624, 20, '疼痛科门诊', '疼痛科门诊', '12345', 10, '0000-00-00 00:00:00'),
(625, 20, '泌尿外科门诊新院', '泌尿外科门诊新院', '12345', 10, '0000-00-00 00:00:00'),
(626, 20, '普通外科门诊', '普通外科门诊', '12345', 10, '0000-00-00 00:00:00'),
(627, 20, '肾内科门诊', '肾内科门诊', '12345', 10, '0000-00-00 00:00:00'),
(628, 20, '心脏中心心内科门诊（新院）', '心脏中心心内科门诊（新院）', '12345', 10, '0000-00-00 00:00:00'),
(629, 20, '血液科门诊', '血液科门诊', '12345', 10, '0000-00-00 00:00:00'),
(630, 20, '中医科门诊', '中医科门诊', '12345', 10, '0000-00-00 00:00:00'),
(631, 20, '创伤骨科门诊', '创伤骨科门诊', '12345', 10, '0000-00-00 00:00:00');
INSERT INTO `hospital_keshi` (`id`, `hospitalID`, `name`, `fenlei`, `weekdays`, `phone`, `timestamps`) VALUES
(632, 20, '发热门诊', '发热门诊', '12345', 10, '0000-00-00 00:00:00'),
(633, 20, '放疗科门诊', '放疗科门诊', '12345', 10, '0000-00-00 00:00:00'),
(634, 20, '神经外科急诊', '神经外科急诊', '12345', 10, '0000-00-00 00:00:00'),
(635, 20, '肝病门诊（新院）', '肝病门诊（新院）', '12345', 10, '0000-00-00 00:00:00'),
(636, 20, '骨肿瘤科门诊', '骨肿瘤科门诊', '12345', 10, '0000-00-00 00:00:00'),
(637, 20, '呼吸内科门诊', '呼吸内科门诊', '12345', 10, '0000-00-00 00:00:00'),
(638, 20, '胃肠外科门诊', '胃肠外科门诊', '12345', 10, '0000-00-00 00:00:00'),
(639, 20, '老院门诊', '老院门诊', '12345', 10, '0000-00-00 00:00:00'),
(640, 20, '核医学科门诊', '人民医院', '12345', 10, '0000-00-00 00:00:00'),
(641, 20, '口腔科门诊（新院）', '人民医院', '12345', 10, '0000-00-00 00:00:00'),
(642, 20, '内分泌科门诊', '内分泌科门诊', '12345', 10, '0000-00-00 00:00:00'),
(643, 20, '乳腺外科门诊', '乳腺外科门诊', '12345', 10, '0000-00-00 00:00:00'),
(644, 20, '消化内科门诊', '消化内科门诊', '12345', 10, '0000-00-00 00:00:00'),
(645, 20, '胸外科门诊', '胸外科门诊', '12345', 10, '0000-00-00 00:00:00'),
(646, 20, '眼科门诊（新院）', '眼科门诊（新院）', '12345', 10, '0000-00-00 00:00:00'),
(647, 20, '肠道门诊', '肠道门诊', '12345', 10, '0000-00-00 00:00:00'),
(648, 20, '儿科门诊', '儿科门诊', '12345', 10, '0000-00-00 00:00:00'),
(649, 20, '耳鼻喉科急诊', '耳鼻喉科急诊', '12345', 10, '0000-00-00 00:00:00'),
(650, 20, '风湿免疫科门诊', '风湿免疫科门诊', '12345', 10, '0000-00-00 00:00:00'),
(651, 20, '急诊外科门诊', '急诊外科门诊', '12345', 10, '0000-00-00 00:00:00'),
(652, 20, '骨科门诊', '骨科门诊', '12345', 10, '0000-00-00 00:00:00'),
(653, 20, '脊柱外科门诊', '脊柱外科门诊', '12345', 10, '0000-00-00 00:00:00'),
(654, 20, '计划生育门诊', '计划生育门诊', '12345', 10, '0000-00-00 00:00:00'),
(655, 20, '神经外科门诊', '神经外科门诊', '12345', 10, '0000-00-00 00:00:00'),
(656, 20, '麻醉科门诊', '麻醉科门诊', '12345', 10, '0000-00-00 00:00:00'),
(657, 20, '皮科门诊', '皮科门诊', '12345', 10, '0000-00-00 00:00:00'),
(658, 20, '神经内科门诊', '神经内科门诊', '12345', 10, '0000-00-00 00:00:00'),
(659, 20, '心脏中心心外科门诊', '心脏中心心外科门诊', '12345', 10, '0000-00-00 00:00:00'),
(660, 20, '心脏中心血管外科门诊', '心脏中心血管外科门诊', '12345', 10, '0000-00-00 00:00:00');

-- --------------------------------------------------------

--
-- 表的结构 `hospital_province`
--

CREATE TABLE IF NOT EXISTS `hospital_province` (
  `id` int(10) unsigned NOT NULL AUTO_INCREMENT COMMENT '主键ID',
  `name` varchar(20) NOT NULL COMMENT '省份名称',
  `timestamps` timestamp NOT NULL DEFAULT CURRENT_TIMESTAMP COMMENT '时间戳',
  PRIMARY KEY (`id`)
) ENGINE=MyISAM  DEFAULT CHARSET=utf8 COMMENT='省份信息表' AUTO_INCREMENT=3 ;

--
-- 转存表中的数据 `hospital_province`
--

INSERT INTO `hospital_province` (`id`, `name`, `timestamps`) VALUES
(1, '北京市', '2014-12-18 02:11:14'),
(2, '河北省', '2014-12-18 02:11:14');

-- --------------------------------------------------------

--
-- 表的结构 `hospital_qu`
--

CREATE TABLE IF NOT EXISTS `hospital_qu` (
  `id` int(10) unsigned NOT NULL AUTO_INCREMENT COMMENT '主键ID',
  `name` varchar(20) NOT NULL COMMENT '区县名称',
  `provinceID` int(10) NOT NULL DEFAULT '1' COMMENT '所属省份ID',
  `cityID` int(10) NOT NULL DEFAULT '1' COMMENT '所属城市ID',
  `timestamps` timestamp NOT NULL DEFAULT CURRENT_TIMESTAMP COMMENT '时间戳',
  PRIMARY KEY (`id`)
) ENGINE=MyISAM  DEFAULT CHARSET=utf8 COMMENT='区县信息表' AUTO_INCREMENT=17 ;

--
-- 转存表中的数据 `hospital_qu`
--

INSERT INTO `hospital_qu` (`id`, `name`, `provinceID`, `cityID`, `timestamps`) VALUES
(1, '海淀区', 1, 1, '2014-12-18 02:15:17'),
(2, '东城区', 1, 1, '2014-12-18 02:15:17'),
(3, '西城区', 1, 1, '2014-12-18 02:15:52'),
(4, '朝阳区', 1, 1, '2014-12-18 02:15:52'),
(5, '昌平区', 1, 1, '2014-12-18 02:16:21'),
(6, '房山区', 1, 1, '2014-12-18 02:16:21'),
(7, '丰台区', 1, 1, '2014-12-18 02:17:33'),
(8, '石景山区', 1, 1, '2014-12-18 02:17:33'),
(9, '通州区', 1, 1, '2014-12-18 02:17:59'),
(10, '顺义区', 1, 1, '2014-12-18 02:17:59'),
(11, '怀柔区', 1, 1, '2014-12-18 02:18:16'),
(12, '平谷区', 1, 1, '2014-12-18 02:18:16'),
(13, '密云县', 1, 1, '2014-12-18 02:18:33'),
(14, '延庆县', 1, 1, '2014-12-18 02:18:33'),
(15, '大兴区', 1, 1, '2014-12-18 02:19:09'),
(16, '门头沟区', 1, 1, '2014-12-18 02:19:09');

-- --------------------------------------------------------

--
-- 表的结构 `hospital_rehospital`
--

CREATE TABLE IF NOT EXISTS `hospital_rehospital` (
  `id` int(10) unsigned NOT NULL AUTO_INCREMENT COMMENT '主键ID',
  `hospitalID` int(10) unsigned NOT NULL COMMENT '医院表的ID',
  `yuyueCount` int(16) NOT NULL DEFAULT '0' COMMENT '预约量',
  `dates` date DEFAULT NULL COMMENT '日期',
  PRIMARY KEY (`id`)
) ENGINE=MyISAM  DEFAULT CHARSET=utf8 COMMENT='热门医院表，没周期更新一次' AUTO_INCREMENT=7 ;

--
-- 转存表中的数据 `hospital_rehospital`
--

INSERT INTO `hospital_rehospital` (`id`, `hospitalID`, `yuyueCount`, `dates`) VALUES
(1, 1, 7, '2014-12-24'),
(2, 6, 2, '2014-12-24'),
(3, 2, 1, '2014-12-24'),
(4, 3, 1, '2014-12-24'),
(5, 4, 1, '2014-12-24'),
(6, 5, 1, '2014-12-24');

-- --------------------------------------------------------

--
-- 表的结构 `hospital_rekeshi`
--

CREATE TABLE IF NOT EXISTS `hospital_rekeshi` (
  `id` int(10) unsigned NOT NULL AUTO_INCREMENT COMMENT '主键ID',
  `hospitalID` int(10) unsigned NOT NULL COMMENT '所属医院ID',
  `keshiID` int(10) unsigned NOT NULL COMMENT '科室表的ID',
  `yuyueCount` int(16) unsigned NOT NULL COMMENT '预约量',
  `dates` date DEFAULT NULL COMMENT '日期',
  PRIMARY KEY (`id`)
) ENGINE=MyISAM  DEFAULT CHARSET=utf8 COMMENT='热门科室表' AUTO_INCREMENT=7 ;

--
-- 转存表中的数据 `hospital_rekeshi`
--

INSERT INTO `hospital_rekeshi` (`id`, `hospitalID`, `keshiID`, `yuyueCount`, `dates`) VALUES
(1, 1, 1, 6, '2014-12-24'),
(2, 3, 4, 2, '2014-12-24'),
(3, 5, 6, 2, '2014-12-24'),
(4, 3, 3, 1, '2014-12-24'),
(5, 2, 5, 1, '2014-12-24'),
(6, 0, 0, 0, '2014-12-24');

-- --------------------------------------------------------

--
-- 表的结构 `hospital_user`
--

CREATE TABLE IF NOT EXISTS `hospital_user` (
  `id` int(10) unsigned NOT NULL AUTO_INCREMENT COMMENT '主键ID',
  `IDcard` varchar(13) DEFAULT NULL COMMENT '身份证号，审核时填写',
  `email` varchar(100) NOT NULL COMMENT '电子邮件，注册时必填',
  `phone` int(11) DEFAULT NULL COMMENT '联系电话，注册时不填写',
  `password` varchar(36) NOT NULL COMMENT 'md5加密的密码',
  `name` varchar(20) DEFAULT NULL COMMENT '用户真实姓名，审核时填写',
  `pingfen` int(8) NOT NULL DEFAULT '12' COMMENT '用户的信用等级',
  `isRenzheng` tinyint(1) NOT NULL DEFAULT '0' COMMENT '是否已认证标记',
  `imgURL` varchar(100) DEFAULT NULL COMMENT '认证图片',
  `token` varchar(32) NOT NULL COMMENT '邮箱验证字段',
  `identify` int(8) NOT NULL DEFAULT '0' COMMENT '身份信息1为普通用户，2为医院管理员，3为系统管理员',
  `timestamps` timestamp NOT NULL DEFAULT CURRENT_TIMESTAMP COMMENT '时间戳',
  PRIMARY KEY (`id`)
) ENGINE=MyISAM  DEFAULT CHARSET=utf8 AUTO_INCREMENT=2 ;

--
-- 转存表中的数据 `hospital_user`
--

INSERT INTO `hospital_user` (`id`, `IDcard`, `email`, `phone`, `password`, `name`, `pingfen`, `isRenzheng`, `imgURL`, `token`, `identify`, `timestamps`) VALUES
(1, '2103231992060', 'wangyushistar@163.com', NULL, 'a097e02bb0ed14cf91242204c68e88cc', '王玉世', 12, 2, '1419397260.png', '8393aa1e349da632034c49598ae943e1', 0, '2014-12-21 05:27:59');

-- --------------------------------------------------------

--
-- 表的结构 `hospital_yuyuedan`
--

CREATE TABLE IF NOT EXISTS `hospital_yuyuedan` (
  `id` int(10) unsigned NOT NULL AUTO_INCREMENT COMMENT '主键ID',
  `userID` int(10) unsigned NOT NULL COMMENT '预约用户账号ID',
  `isChuli` tinyint(1) NOT NULL DEFAULT '0' COMMENT '是有已处理标记，默认0未处理',
  `hospitalID` int(10) unsigned NOT NULL COMMENT '预约医院ID',
  `keshiID` int(10) unsigned NOT NULL COMMENT '预约科室ID',
  `doctorID` int(10) unsigned NOT NULL COMMENT '预约医生ID',
  `dateTimes` datetime NOT NULL COMMENT '预约单生成日期',
  `yuyueDate` date NOT NULL COMMENT '预约日期',
  `yuyueName` varchar(20) NOT NULL COMMENT '预约人姓名',
  `phone` int(11) NOT NULL COMMENT '预约人联系电话',
  `hospitalName` varchar(50) NOT NULL COMMENT '预约医院名称',
  `keshiName` varchar(50) NOT NULL COMMENT '预约科室名称',
  `doctorName` varchar(20) NOT NULL COMMENT '预约医生姓名',
  `timestamps` timestamp NOT NULL DEFAULT CURRENT_TIMESTAMP COMMENT '时间戳',
  PRIMARY KEY (`id`)
) ENGINE=MyISAM  DEFAULT CHARSET=utf8 COMMENT='预约单数据表' AUTO_INCREMENT=14 ;

--
-- 转存表中的数据 `hospital_yuyuedan`
--

INSERT INTO `hospital_yuyuedan` (`id`, `userID`, `isChuli`, `hospitalID`, `keshiID`, `doctorID`, `dateTimes`, `yuyueDate`, `yuyueName`, `phone`, `hospitalName`, `keshiName`, `doctorName`, `timestamps`) VALUES
(1, 1, 0, 1, 1, 1, '2014-12-19 00:00:00', '2014-12-24', '王玉世', 1381232131, '北京协和医院', '妇产科', '王鹏程', '2014-12-23 11:53:56'),
(2, 1, 0, 1, 1, 1, '2014-12-31 00:00:00', '2014-12-24', '刘鹏', 2147483647, '北京同仁医院', '骨科', '王鹏程', '2014-12-23 11:53:56'),
(3, 1, 1, 1, 1, 2, '2014-12-24 00:00:00', '2014-12-24', '王玉世', 3213213, '北京同济医院', '脑科', '王玉世', '2014-12-23 13:29:42'),
(4, 1, 1, 1, 1, 2, '2014-12-28 00:00:00', '2014-12-24', '刘鹏', 4332432, '北京第三人民医院', '烧伤科', '王玉世', '2014-12-23 13:29:42'),
(5, 1, 2, 1, 1, 1, '2014-12-26 00:00:00', '2014-12-24', '李志论', 3243423, '北京大学附属医院', '神经外科', '王鹏程', '2014-12-23 13:32:32'),
(6, 1, 2, 1, 1, 1, '2014-12-30 00:00:00', '2014-12-24', '百家姓', 3243423, '海淀区人民医院', '肝脏科', '王鹏程', '2014-12-23 13:32:32'),
(7, 1, 0, 2, 3, 1, '2014-12-24 00:00:00', '2014-12-23', '王玉世', 23434, '北京市博爱医院', '内科', '王鹏程', '2014-12-24 03:59:59'),
(8, 1, 0, 3, 4, 1, '2014-12-24 00:00:00', '2014-12-22', '王玉世', 3423, '北京市博爱医院', '内科', '王鹏程', '2014-12-24 03:59:59'),
(9, 1, 0, 4, 4, 1, '2014-12-24 08:15:00', '2014-12-22', '王鹏程', 43423, '北京市博爱医院', '内科', '王鹏程', '2014-12-24 04:02:36'),
(10, 1, 0, 5, 5, 1, '2014-12-19 08:17:30', '2014-12-21', '王鹏程', 4342, '北京市博爱医院', '内科', '王鹏程', '2014-12-24 04:02:36'),
(11, 1, 0, 6, 6, 1, '2014-12-24 00:00:00', '2014-12-23', '王鹏程', 4342, '北京市博爱医院', '内科', '王鹏程', '2014-12-24 04:04:39'),
(12, 1, 0, 6, 6, 1, '2014-12-24 00:00:00', '2014-12-24', '王玉世', 23443, '北京市博爱医院', '内科', '王鹏程', '2014-12-24 04:04:39');

/*!40101 SET CHARACTER_SET_CLIENT=@OLD_CHARACTER_SET_CLIENT */;
/*!40101 SET CHARACTER_SET_RESULTS=@OLD_CHARACTER_SET_RESULTS */;
/*!40101 SET COLLATION_CONNECTION=@OLD_COLLATION_CONNECTION */;
